feature,importance
outage__outage_line_37,0.04709322352213459
outage__outage_line_33,0.04327066343089853
outage__outage_line_15,0.04276051172272799
loads__load_bus_7,0.04204883121090329
outage__outage_line_36,0.039692700051088305
outage__outage_line_23,0.03767643781396488
loads__load_bus_6,0.03701899105427201
outage__outage_line_9,0.03544301756873975
loads__load_bus_18,0.03422070218596599
loads__load_bus_3,0.03246532336421582
outage__outage_line_24,0.03169049672770006
loads__load_bus_23,0.030840360849505224
loads__load_bus_9,0.028030554667214186
loads__load_bus_13,0.027882813681198736
loads__load_bus_29,0.027686868711830695
loads__load_bus_2,0.027630501467490808
loads__load_bus_17,0.027629248259722166
outage__outage_line_28,0.027386040576715637
loads__load_bus_19,0.026379890369927016
loads__load_bus_15,0.025591814861543095
loads__load_bus_22,0.025281180184119928
loads__load_bus_25,0.025233427610509913
loads__load_bus_14,0.02511264408231228
loads__load_bus_16,0.024895842214239825
loads__load_bus_11,0.024720899106463478
loads__load_bus_1,0.024238198333172877
loads__load_bus_28,0.023177957483800526
loads__load_bus_20,0.022225132569233263
outage__outage_line_25,0.02139613038217739
outage__outage_line_8,0.019277312930716745
outage__outage_line_12,0.016178091082890214
outage__outage_line_21,0.008465900957474917
outage__outage_line_0,0.006634612658872771
outage__outage_line_26,0.004930808342172166
outage__outage_line_5,0.004713585190944688
outage__outage_line_19,0.004596942174023685
outage__outage_line_30,0.0044939545041330475
outage__outage_line_27,0.00391564585029921
outage__outage_line_6,0.0034070977907049594
outage__outage_line_1,0.0032897498337748094
outage__outage_line_38,0.003265518972190949
outage__outage_line_11,0.003055471088851572
outage__outage_line_32,0.002816571834553326
outage__outage_line_29,0.002646272380267681
outage__outage_line_14,0.0024473094824251952
outage__outage_line_34,0.0021560981294055236
outage__outage_line_3,0.002086698279472121
outage__outage_line_40,0.0015880533709121682
outage__outage_line_10,0.0015742205998773465
outage__outage_line_31,0.001505524617082298
outage__outage_line_20,0.0013902140940161266
outage__outage_line_13,0.0010056925042880801
outage__outage_line_39,0.0009109870322611004
outage__outage_line_18,0.0008995822917501115
outage__outage_line_4,0.0008989034508130216
outage__outage_line_17,0.0008606804163105057
outage__outage_line_16,0.0007003809565570978
outage__outage_line_2,0.0006474573315812946
outage__outage_line_7,0.00047012562966364355
outage__outage_line_35,0.00024898166213294044
outage__outage_line_22,0.0002011504957922431
