scenario_id,bus,vm_pu,below_min,above_max
base,0,1.0,0,0
base,1,0.9999999999999999,0,0
base,2,0.9831382891066673,0,0
base,3,0.9800929953749473,0,0
base,4,0.9824061967923862,0,0
base,5,0.9731840211569467,0,0
base,6,0.9673554477104069,0,0
base,7,0.9606237083025242,0,0
base,8,0.9805061170621054,0,0
base,9,0.9844042957946233,0,0
base,10,0.9805061170621054,0,0
base,11,0.9854683170147884,0,0
base,12,1.0,0,0
base,13,0.9766768340643773,0,0
base,14,0.9802290289155225,0,0
base,15,0.9773956551725188,0,0
base,16,0.976865409891832,0,0
base,17,0.9684403290969148,0,0
base,18,0.9652870396371922,0,0
base,19,0.9691663507770822,0,0
base,20,0.9933832967638535,0,0
base,21,0.9999999999999999,0,0
base,22,1.0,0,0
base,23,0.9885662961944004,0,0
base,24,0.9902148369012103,0,0
base,25,0.9721941498016318,0,0
base,26,1.0,0,0
base,27,0.9747148997481065,0,0
base,28,0.979596704666889,0,0
base,29,0.9678828791888452,0,0
line_0,0,1.0,0,0
line_0,1,0.9999999999999999,0,0
line_0,2,0.9830343684355195,0,0
line_0,3,0.9802371562820325,0,0
line_0,4,0.98234548693125,0,0
line_0,5,0.9734387290918726,0,0
line_0,6,0.9675258304703822,0,0
line_0,7,0.9608786648137991,0,0
line_0,8,0.9806065978726117,0,0
line_0,9,0.9844202907749708,0,0
line_0,10,0.9806065978726117,0,0
line_0,11,0.9855924173452012,0,0
line_0,12,1.0000000000000002,0,0
line_0,13,0.976792171560838,0,0
line_0,14,0.9802918960584182,0,0
line_0,15,0.9774588708929579,0,0
line_0,16,0.9768901491258207,0,0
line_0,17,0.9684757691760324,0,0
line_0,18,0.9653141166965349,0,0
line_0,19,0.9691911980351233,0,0
line_0,20,0.993386622752044,0,0
line_0,21,1.0,0,0
line_0,22,1.0,0,0
line_0,23,0.9885755416452249,0,0
line_0,24,0.9902175576312937,0,0
line_0,25,0.9721969220894882,0,0
line_0,26,0.9999999999999999,0,0
line_0,27,0.974950859715807,0,0
line_0,28,0.9795967046668891,0,0
line_0,29,0.9678828791888457,0,0
line_1,0,1.0,0,0
line_1,1,1.0000000000000004,0,0
line_1,2,0.973079762586932,0,0
line_1,3,0.9738200639834835,0,0
line_1,4,0.9804696338046952,0,0
line_1,5,0.9688592136634719,0,0
line_1,6,0.963888019242587,0,0
line_1,7,0.9563111943099425,0,0
line_1,8,0.9783843683585565,0,0
line_1,9,0.9834417352191362,0,0
line_1,10,0.9783843683585565,0,0
line_1,11,0.9837555025660019,0,0
line_1,12,1.0,0,0
line_1,13,0.9752523153205959,0,0
line_1,14,0.9791163756532837,0,0
line_1,15,0.9760075297665933,0,0
line_1,16,0.9757766240184862,0,0
line_1,17,0.9673795772514809,0,0
line_1,18,0.9642515907656362,0,0
line_1,19,0.9681475072768226,0,0
line_1,20,0.9931689685013273,0,0
line_1,21,0.9999999999999998,0,0
line_1,22,1.0,0,0
line_1,23,0.9885545705237972,0,0
line_1,24,0.9902117709488026,0,0
line_1,25,0.9721910257491357,0,0
line_1,26,0.9999999999999998,0,0
line_1,27,0.9708266152733429,0,0
line_1,28,0.9795967046668888,0,0
line_1,29,0.9678828791888454,0,0
line_2,0,1.0,0,0
line_2,1,0.9999999999999998,0,0
line_2,2,0.9768993287299392,0,0
line_2,3,0.9726640057826768,0,0
line_2,4,0.9801204641429835,0,0
line_2,5,0.9680208913444933,0,0
line_2,6,0.9632168302223142,0,0
line_2,7,0.9554749826725468,0,0
line_2,8,0.9779781815691183,0,0
line_2,9,0.9832636806489785,0,0
line_2,10,0.9779781815691183,0,0
line_2,11,0.9834219516652372,0,0
line_2,12,0.9999999999999999,0,0
line_2,13,0.9749723199184576,0,0
line_2,14,0.9789031496855213,0,0
line_2,15,0.9757440990662323,0,0
line_2,16,0.9755742941422194,0,0
line_2,17,0.9671807407935865,0,0
line_2,18,0.9640587114489139,0,0
line_2,19,0.9679579220136874,0,0
line_2,20,0.9931293653430519,0,0
line_2,21,0.9999999999999999,0,0
line_2,22,0.9999999999999997,0,0
line_2,23,0.9885505155981585,0,0
line_2,24,0.990210605451713,0,0
line_2,25,0.9721898381656653,0,0
line_2,26,1.0000000000000004,0,0
line_2,27,0.9700714495591849,0,0
line_2,28,0.9795967046668894,0,0
line_2,29,0.9678828791888461,0,0
line_3,0,1.0,0,0
line_3,1,1.0000000000000002,0,0
line_3,2,0.9984014201542898,0,0
line_3,3,0.9750273767014185,0,0
line_3,4,0.9808483703754617,0,0
line_3,5,0.969685523519971,0,0
line_3,6,0.9645525931858787,0,0
line_3,7,0.9571351570272643,0,0
line_3,8,0.9787908381232752,0,0
line_3,9,0.9836274349771633,0,0
line_3,10,0.9787908381232752,0,0
line_3,11,0.9840814230635403,0,0
line_3,12,1.0000000000000002,0,0
line_3,13,0.9755228480092882,0,0
line_3,14,0.9793289054500836,0,0
line_3,15,0.9762733960875007,0,0
line_3,16,0.9759863383364671,0,0
line_3,17,0.9675833365124709,0,0
line_3,18,0.9644508542906605,0,0
line_3,19,0.9683436697752368,0,0
line_3,20,0.9932103304775282,0,0
line_3,21,1.0,0,0
line_3,22,1.0,0,0
line_3,23,0.9885564361668131,0,0
line_3,24,0.9902122531048498,0,0
line_3,25,0.9721915170421106,0,0
line_3,26,0.9999999999999998,0,0
line_3,27,0.9715692318758626,0,0
line_3,28,0.9795967046668889,0,0
line_3,29,0.9678828791888452,0,0
line_4,0,1.0,0,0
line_4,1,0.9999999999999999,0,0
line_4,2,0.9797372560383765,0,0
line_4,3,0.9760344961020774,0,0
line_4,4,0.9529921624589021,0,0
line_4,5,0.9673921752557972,0,0
line_4,6,0.952203141710814,0,0
line_4,7,0.9548515085000145,0,0
line_4,8,0.977679961854041,0,0
line_4,9,0.9831273737793673,0,0
line_4,10,0.977679961854041,0,0
line_4,11,0.9844261341002593,0,0
line_4,12,1.0,0,0
line_4,13,0.975806654093592,0,0
line_4,14,0.979456370169969,0,0
line_4,15,0.97622403096121,0,0
line_4,16,0.9756055606430323,0,0
line_4,17,0.9674630886527967,0,0
line_4,18,0.9642022220316679,0,0
line_4,19,0.9680329462118669,0,0
line_4,20,0.993098246400041,0,0
line_4,21,1.0,0,0
line_4,22,1.0000000000000002,0,0
line_4,23,0.9885785561949305,0,0
line_4,24,0.9902191662849982,0,0
line_4,25,0.9721985612270044,0,0
line_4,26,1.0,0,0
line_4,27,0.9695308903095636,0,0
line_4,28,0.979596704666889,0,0
line_4,29,0.9678828791888451,0,0
line_5,0,1.0,0,0
line_5,1,1.0,0,0
line_5,2,0.9774779500151735,0,0
line_5,3,0.9733609575872562,0,0
line_5,4,0.9781437964194393,0,0
line_5,5,0.9637124449078878,0,0
line_5,6,0.9597410650824998,0,0
line_5,7,0.9511841863247392,0,0
line_5,8,0.9758732401271293,0,0
line_5,9,0.9822976647673984,0,0
line_5,10,0.9758732401271293,0,0
line_5,11,0.9837757746282461,0,0
line_5,12,0.9999999999999999,0,0
line_5,13,0.9752689228908237,0,0
line_5,14,0.9789647148050276,0,0
line_5,15,0.9754716404002121,0,0
line_5,16,0.9747873060831055,0,0
line_5,17,0.966830130043587,0,0
line_5,18,0.9634977008500628,0,0
line_5,19,0.9672969596164775,0,0
line_5,20,0.9929129084311913,0,0
line_5,21,1.0,0,0
line_5,22,1.0,0,0
line_5,23,0.9885901772523021,0,0
line_5,24,0.9902230380456435,0,0
line_5,25,0.9722025063566553,0,0
line_5,26,1.0000000000000007,0,0
line_5,27,0.9662404592420741,0,0
line_5,28,0.9795967046668895,0,0
line_5,29,0.9678828791888461,0,0
line_6,0,1.0,0,0
line_6,1,1.0,0,0
line_6,2,0.9943723354472613,0,0
line_6,3,0.9935940245185041,0,0
line_6,4,0.9762939812100729,0,0
line_6,5,0.9600376964027774,0,0
line_6,6,0.9567676817170894,0,0
line_6,7,0.9475363532729824,1,0
line_6,8,0.9741753969359852,0,0
line_6,9,0.9815963227765369,0,0
line_6,10,0.9741753969359852,0,0
line_6,11,0.9894951012099588,0,0
line_6,12,1.0,0,0
line_6,13,0.979981392073872,0,0
line_6,14,0.9821480603192633,0,0
line_6,15,0.9782571054593704,0,0
line_6,16,0.975041717933377,0,0
line_6,17,0.968503882444058,0,0
line_6,18,0.9643859332943487,0,0
line_6,19,0.9677933853911971,0,0
line_6,20,0.9927529878430498,0,0
line_6,21,0.9999999999999998,0,0
line_6,22,1.0,0,0
line_6,23,0.988718376001672,0,0
line_6,24,0.9902560714879995,0,0
line_6,25,0.9722361657506181,0,0
line_6,26,0.9999999999999999,0,0
line_6,27,0.963059524221838,0,0
line_6,28,0.9795967046668889,0,0
line_6,29,0.9678828791888456,0,0
line_7,0,1.0,0,0
line_7,1,0.9999999999999998,0,0
line_7,2,0.9794210785649013,0,0
line_7,3,0.9756515215466574,0,0
line_7,4,1.0023854996310724,0,0
line_7,5,0.9668099160888569,0,0
line_7,6,0.9506926055887702,0,0
line_7,7,0.9542710164817572,0,0
line_7,8,0.9773993885375563,0,0
line_7,9,0.9830049164523856,0,0
line_7,10,0.9773993885375563,0,0
line_7,11,0.9843157546775447,0,0
line_7,12,1.0000000000000002,0,0
line_7,13,0.9757127510987241,0,0
line_7,14,0.9793778041052082,0,0
line_7,15,0.9761077295938562,0,0
line_7,16,0.9754842971493298,0,0
line_7,17,0.9673679948251579,0,0
line_7,18,0.9640975672930393,0,0
line_7,19,0.9679237166737447,0,0
line_7,20,0.9930709392793684,0,0
line_7,21,1.0,0,0
line_7,22,1.0,0,0
line_7,23,0.9885784931854328,0,0
line_7,24,0.9902192154732333,0,0
line_7,25,0.9721986113473495,0,0
line_7,26,0.9999999999999999,0,0
line_7,27,0.9690086634058623,0,0
line_7,28,0.9795967046668889,0,0
line_7,29,0.9678828791888454,0,0
line_8,0,1.0,0,0
line_8,1,1.0,0,0
line_8,2,0.9850774570541805,0,0
line_8,3,0.9824064023381551,0,0
line_8,4,0.9669859841327173,0,0
line_8,5,0.9764654855903526,0,0
line_8,6,0.9412570623736926,1,0
line_8,7,0.9638934497126711,0,0
line_8,8,0.9821104616824341,0,0
line_8,9,0.9851331263317414,0,0
line_8,10,0.9821104616824341,0,0
line_8,11,0.9860506765098841,0,0
line_8,12,1.0,0,0
line_8,13,0.9771614153131432,0,0
line_8,14,0.9806641010861038,0,0
line_8,15,0.9780589945148719,0,0
line_8,16,0.9775835427986723,0,0
line_8,17,0.9689956486351936,0,0
line_8,18,0.965904816762101,0,0
line_8,19,0.9698121340731545,0,0
line_8,20,0.9935460057997817,0,0
line_8,21,1.0000000000000004,0,0
line_8,22,0.9999999999999999,0,0
line_8,23,0.988558058285397,0,0
line_8,24,0.9902119877316884,0,0
line_8,25,0.972191246640088,0,0
line_8,26,1.0000000000000002,0,0
line_8,27,0.9776508906606184,0,0
line_8,28,0.979596704666889,0,0
line_8,29,0.9678828791888456,0,0
line_9,0,1.0,0,0
line_9,1,1.0,0,0
line_9,2,0.9829328143430752,0,0
line_9,3,0.9798540192082238,0,0
line_9,4,0.9822653271469249,0,0
line_9,5,0.9728636895516072,0,0
line_9,6,0.9670994523934219,0,0
line_9,7,0.8642017026538718,1,0
line_9,8,0.9804000877081449,0,0
line_9,9,0.9844163263527479,0,0
line_9,10,0.9804000877081449,0,0
line_9,11,0.9855052829520279,0,0
line_9,12,1.0000000000000002,0,0
line_9,13,0.9767339444477703,0,0
line_9,14,0.9802411398076964,0,0
line_9,15,0.9774169999943727,0,0
line_9,16,0.9768784615669802,0,0
line_9,17,0.9684532977569821,0,0
line_9,18,0.9652999676667356,0,0
line_9,19,0.9691790335547977,0,0
line_9,20,0.9933891655661656,0,0
line_9,21,0.9999999999999999,0,0
line_9,22,0.9999999999999998,0,0
line_9,23,0.9885607796982085,0,0
line_9,24,0.9901991748515063,0,0
line_9,25,0.9721781909502949,0,0
line_9,26,1.0000000000000004,0,0
line_9,27,0.9539953203047699,0,0
line_9,28,0.9795967046663363,0,0
line_9,29,0.9678828791877789,0,0
line_10,0,1.0,0,0
line_10,1,0.9999999999999998,0,0
line_10,2,0.9822828949701591,0,0
line_10,3,0.9790600964580095,0,0
line_10,4,0.9816714108676409,0,0
line_10,5,0.9717438205390959,0,0
line_10,6,0.9661873167433926,0,0
line_10,7,0.9591710667994062,0,0
line_10,8,0.9852248607538884,0,0
line_10,9,0.985224860753888,0,0
line_10,10,0.9852248607538884,0,0
line_10,11,0.9859878195237621,0,0
line_10,12,1.0000000000000002,0,0
line_10,13,0.9772229707826524,0,0
line_10,14,0.980520823315711,0,0
line_10,15,0.9779103263547033,0,0
line_10,16,0.9775520014234858,0,0
line_10,17,0.9688134030269752,0,0
line_10,18,0.965783065569738,0,0
line_10,19,0.9697484403288835,0,0
line_10,20,0.9935576626582855,0,0
line_10,21,1.0,0,0
line_10,22,1.0,0,0
line_10,23,0.9886477165006273,0,0
line_10,24,0.9902542092651923,0,0
line_10,25,0.9722342682416975,0,0
line_10,26,1.0000000000000004,0,0
line_10,27,0.9733036760077346,0,0
line_10,28,0.9795967046668896,0,0
line_10,29,0.9678828791888457,0,0
line_11,0,1.0,0,0
line_11,1,0.9999999999999999,0,0
line_11,2,0.9826929429647115,0,0
line_11,3,0.9795548809827602,0,0
line_11,4,0.9820149028416563,0,0
line_11,5,0.9724150802030616,0,0
line_11,6,0.9667319593208725,0,0
line_11,7,0.9598500558548346,0,0
line_11,8,0.9805276388496014,0,0
line_11,9,0.9848889035028517,0,0
line_11,10,0.9805276388496014,0,0
line_11,11,0.985693461577751,0,0
line_11,12,1.0000000000000002,0,0
line_11,13,0.9769199282270637,0,0
line_11,14,0.9803695394103108,0,0
line_11,15,0.977676399858883,0,0
line_11,16,0.9772721644104265,0,0
line_11,17,0.9686588145792695,0,0
line_11,18,0.9655830093803597,0,0
line_11,19,0.9695118712638559,0,0
line_11,20,0.9934876891159102,0,0
line_11,21,0.9999999999999999,0,0
line_11,22,1.0000000000000002,0,0
line_11,23,0.9886024310274593,0,0
line_11,24,0.9902333876518462,0,0
line_11,25,0.9722130520826087,0,0
line_11,26,1.0,0,0
line_11,27,0.9739748482290155,0,0
line_11,28,0.9795967046668891,0,0
line_11,29,0.9678828791888453,0,0
line_13,0,1.0,0,0
line_13,1,0.9999999999999998,0,0
line_13,2,0.9822828949701591,0,0
line_13,3,0.9790600964580096,0,0
line_13,4,0.9816714108676411,0,0
line_13,5,0.9717438205390964,0,0
line_13,6,0.9661873167433931,0,0
line_13,7,0.9591710667994068,0,0
line_13,8,0.9717438205390964,0,0
line_13,9,0.9852248607538885,0,0
line_13,10,0.9717438205390964,0,0
line_13,11,0.985987819523762,0,0
line_13,12,1.0000000000000002,0,0
line_13,13,0.9772229707826526,0,0
line_13,14,0.9805208233157111,0,0
line_13,15,0.9779103263547034,0,0
line_13,16,0.977552001423486,0,0
line_13,17,0.9688134030269753,0,0
line_13,18,0.9657830655697383,0,0
line_13,19,0.9697484403288835,0,0
line_13,20,0.9935576626582852,0,0
line_13,21,0.9999999999999999,0,0
line_13,22,0.9999999999999998,0,0
line_13,23,0.9886477165006275,0,0
line_13,24,0.990254209265192,0,0
line_13,25,0.9722342682416975,0,0
line_13,26,1.0000000000000004,0,0
line_13,27,0.9733036760077349,0,0
line_13,28,0.9795967046668892,0,0
line_13,29,0.9678828791888455,0,0
line_14,0,1.0,0,0
line_14,1,0.9999999999999998,0,0
line_14,2,0.9821852652496704,0,0
line_14,3,0.9789405429985935,0,0
line_14,4,0.9820858685734485,0,0
line_14,5,0.9725631576105762,0,0
line_14,6,0.966851270933237,0,0
line_14,7,0.9600103714413738,0,0
line_14,8,0.9802412722588429,0,0
line_14,9,0.9843087035681375,0,0
line_14,10,0.9802412722588429,0,0
line_14,11,0.9875931407398778,0,0
line_14,12,1.0,0,0
line_14,13,0.9784308078322972,0,0
line_14,14,0.9814359558545197,0,0
line_14,15,0.9785125942465357,0,0
line_14,16,0.977104839449238,0,0
line_14,17,0.9691442317275076,0,0
line_14,18,0.9657284812166003,0,0
line_14,19,0.9694759646588162,0,0
line_14,20,0.9933607580390159,0,0
line_14,21,1.0000000000000002,0,0
line_14,22,0.9999999999999999,0,0
line_14,23,0.9886123540093521,0,0
line_14,24,0.9902280759753913,0,0
line_14,25,0.9722076397531497,0,0
line_14,26,0.9999999999999997,0,0
line_14,27,0.9741969970303797,0,0
line_14,28,0.9795967046668889,0,0
line_14,29,0.9678828791888455,0,0
line_16,0,1.0,0,0
line_16,1,1.0,0,0
line_16,2,0.9832511362377093,0,0
line_16,3,0.9802301565790494,0,0
line_16,4,0.9824316592964875,0,0
line_16,5,0.9732254060619289,0,0
line_16,6,0.9673897513881944,0,0
line_16,7,0.9606614490199051,0,0
line_16,8,0.980522082614376,0,0
line_16,9,0.9844133601287338,0,0
line_16,10,0.980522082614376,0,0
line_16,11,0.9862824810717711,0,0
line_16,12,1.0,0,0
line_16,13,0.9603448646323461,0,0
line_16,14,0.9779239485711156,0,0
line_16,15,0.9778224513915701,0,0
line_16,16,0.976981941823423,0,0
line_16,17,0.9669993203743812,0,0
line_16,18,0.9643139208392816,0,0
line_16,19,0.9684349528369229,0,0
line_16,20,0.9933879102448139,0,0
line_16,21,0.9999999999999999,0,0
line_16,22,1.0,0,0
line_16,23,0.9885007240517829,0,0
line_16,24,0.9901918903977688,0,0
line_16,25,0.9721707684504917,0,0
line_16,26,1.0000000000000002,0,0
line_16,27,0.9747273431678778,0,0
line_16,28,0.9795967046668891,0,0
line_16,29,0.9678828791888455,0,0
line_17,0,1.0,0,0
line_17,1,0.9999999999999997,0,0
line_17,2,0.9833957434570312,0,0
line_17,3,0.9804032427074926,0,0
line_17,4,0.9824284691424471,0,0
line_17,5,0.9731987987849665,0,0
line_17,6,0.9673699195186247,0,0
line_17,7,0.9606232332006731,0,0
line_17,8,0.9805686685838427,0,0
line_17,9,0.9845214495857734,0,0
line_17,10,0.9805686685838427,0,0
line_17,11,0.9868384611066698,0,0
line_17,12,0.9999999999999999,0,0
line_17,13,0.9776229090846145,0,0
line_17,14,0.9751966862488306,0,0
line_17,15,0.9780050888842807,0,0
line_17,16,0.9770493593374251,0,0
line_17,17,0.965471978394031,0,0
line_17,18,0.9633396006337785,0,0
line_17,19,0.9677139285200936,0,0
line_17,20,0.9934206680105746,0,0
line_17,21,0.9999999999999999,0,0
line_17,22,0.9999999999999999,0,0
line_17,23,0.9882667355255048,0,0
line_17,24,0.9901065901143014,0,0
line_17,25,0.9720838514962538,0,0
line_17,26,1.0000000000000002,0,0
line_17,27,0.9746214596512172,0,0
line_17,28,0.9795967046668893,0,0
line_17,29,0.9678828791888457,0,0
line_18,0,1.0,0,0
line_18,1,0.9999999999999998,0,0
line_18,2,0.9833093765568471,0,0
line_18,3,0.9802965947420396,0,0
line_18,4,0.9822505837537249,0,0
line_18,5,0.9728242669991227,0,0
line_18,6,0.9670683712522756,0,0
line_18,7,0.9602603170362458,0,0
line_18,8,0.9797373058304284,0,0
line_18,9,0.9835022422170079,0,0
line_18,10,0.9797373058304284,0,0
line_18,11,0.9868163998901893,0,0
line_18,12,1.0,0,0
line_18,13,0.9780815207867956,0,0
line_18,14,0.9805579311446401,0,0
line_18,15,0.9668931650249156,0,0
line_18,16,0.9733410556015928,0,0
line_18,17,0.9679583581655331,0,0
line_18,18,0.9645802390011641,0,0
line_18,19,0.9684191964340249,0,0
line_18,20,0.9931667942930245,0,0
line_18,21,1.0,0,0
line_18,22,1.0,0,0
line_18,23,0.9888254568043372,0,0
line_18,24,0.9903183377682009,0,0
line_18,25,0.9722996117956391,0,0
line_18,26,1.0,0,0
line_18,27,0.974358570681557,0,0
line_18,28,0.9795967046668892,0,0
line_18,29,0.9678828791888457,0,0
line_19,0,1.0,0,0
line_19,1,0.9999999999999999,0,0
line_19,2,0.9830879200073741,0,0
line_19,3,0.9800320563701105,0,0
line_19,4,0.9823891236940369,0,0
line_19,5,0.973150871831859,0,0
line_19,6,0.9673285346787105,0,0
line_19,7,0.9605911333514182,0,0
line_19,8,0.9804950564372613,0,0
line_19,9,0.9844040953306684,0,0
line_19,10,0.9804950564372613,0,0
line_19,11,0.9851157014764272,0,0
line_19,12,1.0,0,0
line_19,13,0.9730867850161996,0,0
line_19,14,0.9809420474940622,0,0
line_19,15,0.977199159756123,0,0
line_19,16,0.9768095197432153,0,0
line_19,17,0.9688999740724117,0,0
line_19,18,0.9656010516667287,0,0
line_19,19,0.9694023126511971,0,0
line_19,20,0.9933828723381323,0,0
line_19,21,1.0,0,0
line_19,22,1.0,0,0
line_19,23,0.9885755091793627,0,0
line_19,24,0.9902180517511682,0,0
line_19,25,0.9721974255728917,0,0
line_19,26,0.9999999999999997,0,0
line_19,27,0.9746884574889061,0,0
line_19,28,0.9795967046668892,0,0
line_19,29,0.9678828791888454,0,0
line_20,0,1.0,0,0
line_20,1,0.9999999999999999,0,0
line_20,2,0.9831745754555804,0,0
line_20,3,0.9801340769398103,0,0
line_20,4,0.9823330223679436,0,0
line_20,5,0.9730084737425249,0,0
line_20,6,0.9672158425602077,0,0
line_20,7,0.9604459371491847,0,0
line_20,8,0.9805904992500248,0,0
line_20,9,0.984671927387041,0,0
line_20,10,0.9805904992500248,0,0
line_20,11,0.9850256447197082,0,0
line_20,12,1.0,0,0
line_20,13,0.9765776800697297,0,0
line_20,14,0.9797546499324569,0,0
line_20,15,0.9781092175724339,0,0
line_20,16,0.9771443888580243,0,0
line_20,17,0.9680022414503859,0,0
line_20,18,0.9650228213564025,0,0
line_20,19,0.9690421760416481,0,0
line_20,20,0.9934336554992896,0,0
line_20,21,0.9999999999999999,0,0
line_20,22,1.0000000000000004,0,0
line_20,23,0.9887246906822957,0,0
line_20,24,0.9902781104289662,0,0
line_20,25,0.9722586222834116,0,0
line_20,26,1.0000000000000002,0,0
line_20,27,0.9745378601946673,0,0
line_20,28,0.9795967046668892,0,0
line_20,29,0.9678828791888459,0,0
line_21,0,1.0,0,0
line_21,1,0.9999999999999998,0,0
line_21,2,0.9831004456933418,0,0
line_21,3,0.9800458530050079,0,0
line_21,4,0.9821752000671656,0,0
line_21,5,0.9726866135484372,0,0
line_21,6,0.9669558800676222,0,0
line_21,7,0.9601295577720319,0,0
line_21,8,0.9792320309646513,0,0
line_21,9,0.9827812914477629,0,0
line_21,10,0.9792320309646513,0,0
line_21,11,0.9862066100313142,0,0
line_21,12,0.9999999999999999,0,0
line_21,13,0.9786730259671659,0,0
line_21,14,0.9848050208703454,0,0
line_21,15,0.9767832252603642,0,0
line_21,16,0.9754167376830803,0,0
line_21,17,0.9464920654651761,1,0
line_21,18,0.9497644529579821,1,0
line_21,19,0.956992795196509,0,0
line_21,20,0.9930021557805269,0,0
line_21,21,1.0,0,0
line_21,22,1.0000000000000002,0,0
line_21,23,0.9889162570829441,0,0
line_21,24,0.9903490954575832,0,0
line_21,25,0.9723309521955614,0,0
line_21,26,1.0,0,0
line_21,27,0.9742804596677456,0,0
line_21,28,0.979596704666889,0,0
line_21,29,0.9678828791888453,0,0
line_22,0,1.0,0,0
line_22,1,1.0000000000000002,0,0
line_22,2,0.9831328215631808,0,0
line_22,3,0.9800848516281536,0,0
line_22,4,0.9822858164140661,0,0
line_22,5,0.9729222322893579,0,0
line_22,6,0.9671453617492602,0,0
line_22,7,0.9603640897645686,0,0
line_22,8,0.9799252831066403,0,0
line_22,9,0.983691202791213,0,0
line_22,10,0.9799252831066403,0,0
line_22,11,0.985724283509896,0,0
line_22,12,1.0000000000000002,0,0
line_22,13,0.9775425027614574,0,0
line_22,14,0.9826069800381668,0,0
line_22,15,0.9770241630152576,0,0
line_22,16,0.9761765825414718,0,0
line_22,17,0.976957744225121,0,0
line_22,18,0.9579068039465718,0,0
line_22,19,0.9633845538034281,0,0
line_22,20,0.9932118831629783,0,0
line_22,21,1.0000000000000002,0,0
line_22,22,1.0000000000000002,0,0
line_22,23,0.9887986174207645,0,0
line_22,24,0.9903037825234167,0,0
line_22,25,0.9722847807854378,0,0
line_22,26,1.0,0,0
line_22,27,0.9744894519283688,0,0
line_22,28,0.9795967046668889,0,0
line_22,29,0.9678828791888452,0,0
line_23,0,1.0,0,0
line_23,1,1.0000000000000002,0,0
line_23,2,0.9830679091223955,0,0
line_23,3,0.9800097215303781,0,0
line_23,4,0.9825421279211173,0,0
line_23,5,0.9734629751498218,0,0
line_23,6,0.9675806011781951,0,0
line_23,7,0.9609008842981106,0,0
line_23,8,0.981914162578318,0,0
line_23,9,0.9863883194933482,0,0
line_23,10,0.981914162578318,0,0
line_23,11,0.9836655564963032,0,0
line_23,12,0.9999999999999999,0,0
line_23,13,0.9731351793362855,0,0
line_23,14,0.9746364899235536,0,0
line_23,15,0.977326803166617,0,0
line_23,16,0.9782932703373493,0,0
line_23,17,0.9492178088632764,1,0
line_23,18,0.9383695553693053,1,0
line_23,19,0.9828698367316646,0,0
line_23,20,0.9938337767102213,0,0
line_23,21,1.0000000000000002,0,0
line_23,22,1.0,0,0
line_23,23,0.9883961167144701,0,0
line_23,24,0.9901495828223636,0,0
line_23,25,0.9721276590692589,0,0
line_23,26,1.0,0,0
line_23,27,0.9749589059447089,0,0
line_23,28,0.979596704666889,0,0
line_23,29,0.9678828791888454,0,0
line_24,0,1.0,0,0
line_24,1,1.0000000000000002,0,0
line_24,2,0.983018337858674,0,0
line_24,3,0.9799514461419033,0,0
line_24,4,0.9825810214011166,0,0
line_24,5,0.9735441070229877,0,0
line_24,6,0.9676459751540655,0,0
line_24,7,0.960980945042637,0,0
line_24,8,0.982299456086294,0,0
line_24,9,0.986924502157685,0,0
line_24,10,0.982299456086294,0,0
line_24,11,0.9831322903992193,0,0
line_24,12,1.0,0,0
line_24,13,0.9720330811930544,0,0
line_24,14,0.9726746059458863,0,0
line_24,15,0.9773162819613602,0,0
line_24,16,0.9786941027076576,0,0
line_24,17,0.9425060883921577,1,0
line_24,18,0.9291065814805435,1,0
line_24,19,0.9278660727834255,1,0
line_24,20,0.9939581364107556,0,0
line_24,21,0.9999999999999998,0,0
line_24,22,1.0,0,0
line_24,23,0.9882909285769539,0,0
line_24,24,0.9901094438407729,0,0
line_24,25,0.9720867593133473,0,0
line_24,26,1.0000000000000002,0,0
line_24,27,0.9750259827068891,0,0
line_24,28,0.9795967046668892,0,0
line_24,29,0.9678828791888454,0,0
line_25,0,1.0,0,0
line_25,1,0.9999999999999999,0,0
line_25,2,0.9825983710056303,0,0
line_25,3,0.9794411555856662,0,0
line_25,4,0.9824656413923557,0,0
line_25,5,0.973313209713503,0,0
line_25,6,0.9674591202063904,0,0
line_25,7,0.9607539812434557,0,0
line_25,8,0.9829084695091642,0,0
line_25,9,0.9879810351812381,0,0
line_25,10,0.9829084695091642,0,0
line_25,11,0.9789960181581144,0,0
line_25,12,1.0,0,0
line_25,13,0.9715660010681834,0,0
line_25,14,0.9768333754175302,0,0
line_25,15,0.9503484146224346,0,0
line_25,16,0.9306769597389973,1,0
line_25,17,0.9676181592239963,0,0
line_25,18,0.9658979319858003,0,0
line_25,19,0.9705143405785156,0,0
line_25,20,0.994187344594305,0,0
line_25,21,1.0,0,0
line_25,22,1.0000000000000002,0,0
line_25,23,0.9884315610159123,0,0
line_25,24,0.9901614857314611,0,0
line_25,25,0.9721397875675852,0,0
line_25,26,0.9999999999999999,0,0
line_25,27,0.9748413168438363,0,0
line_25,28,0.9795967046668889,0,0
line_25,29,0.9678828791888455,0,0
line_26,0,1.0,0,0
line_26,1,0.9999999999999998,0,0
line_26,2,0.9817610696654938,0,0
line_26,3,0.9784252458203571,0,0
line_26,4,0.981271588855826,0,0
line_26,5,0.9709320869718293,0,0
line_26,6,0.9655313932431343,0,0
line_26,7,0.9583782254525716,0,0
line_26,8,0.9732566511925085,0,0
line_26,9,0.974533662811534,0,0
line_26,10,0.9732566511925085,0,0
line_26,11,0.9833620356046069,0,0
line_26,12,1.0,0,0
line_26,13,0.9744807123828614,0,0
line_26,14,0.9779763303755639,0,0
line_26,15,0.9719330032276925,0,0
line_26,16,0.9682474343580748,0,0
line_26,17,0.9634288333357508,0,0
line_26,18,0.9586691204846975,0,0
line_26,19,0.9617269169457653,0,0
line_26,20,0.9959910849966873,0,0
line_26,21,1.0,0,0
line_26,22,1.0,0,0
line_26,23,0.9885368150229467,0,0
line_26,24,0.9902042276750918,0,0
line_26,25,0.9721833395280474,0,0
line_26,26,0.9999999999999999,0,0
line_26,27,0.9726901288623374,0,0
line_26,28,0.9795967046668892,0,0
line_26,29,0.9678828791888455,0,0
line_27,0,1.0,0,0
line_27,1,0.9999999999999998,0,0
line_27,2,0.9823158657729257,0,0
line_27,3,0.9790971563711611,0,0
line_27,4,0.9817286567873648,0,0
line_27,5,0.9718385396211975,0,0
line_27,6,0.9662656956382425,0,0
line_27,7,0.9592835037989497,0,0
line_27,8,0.9761951800265939,0,0
line_27,9,0.9785395266272502,0,0
line_27,10,0.9761951800265939,0,0
line_27,11,0.9842035801805528,0,0
line_27,12,1.0000000000000002,0,0
line_27,13,0.9753519166071861,0,0
line_27,14,0.9788828362684269,0,0
line_27,15,0.9741372599262286,0,0
line_27,16,0.9717394549941283,0,0
line_27,17,0.9654508236216783,0,0
line_27,18,0.9613454471464102,0,0
line_27,19,0.9647393711826414,0,0
line_27,20,0.9920368185667131,0,0
line_27,21,1.0000000000000002,0,0
line_27,22,0.9999999999999998,0,0
line_27,23,0.988529159778118,0,0
line_27,24,0.9901998868524126,0,0
line_27,25,0.9721789164443752,0,0
line_27,26,1.0000000000000002,0,0
line_27,27,0.973515015819115,0,0
line_27,28,0.9795967046668892,0,0
line_27,29,0.9678828791888455,0,0
line_28,0,1.0,0,0
line_28,1,1.0000000000000004,0,0
line_28,2,0.979537514888509,0,0
line_28,3,0.9757353193803728,0,0
line_28,4,0.979446088048974,0,0
line_28,5,0.9672938639048925,0,0
line_28,6,0.9625854975211519,0,0
line_28,7,0.9547683710900217,0,0
line_28,8,0.9619093729950471,0,0
line_28,9,0.9591665214939172,0,0
line_28,10,0.9619093729950471,0,0
line_28,11,0.9799124069795656,0,0
line_28,12,0.9999999999999999,0,0
line_28,13,0.970799161434619,0,0
line_28,14,0.9743636908532837,0,0
line_28,15,0.963255862264573,0,0
line_28,16,0.9547520966900572,0,0
line_28,17,0.9554586044326224,0,0
line_28,18,0.9482288029949485,1,0
line_28,19,0.9500462155071867,0,0
line_28,20,0.9452725556875949,1,0
line_28,21,1.0,0,0
line_28,22,1.0000000000000002,0,0
line_28,23,0.9882054761136033,0,0
line_28,24,0.990059207113097,0,0
line_28,25,0.9720355703313109,0,0
line_28,26,1.0,0,0
line_28,27,0.9695474272796613,0,0
line_28,28,0.9795967046668889,0,0
line_28,29,0.9678828791888454,0,0
line_29,0,1.0,0,0
line_29,1,1.0,0,0
line_29,2,0.9820834559914983,0,0
line_29,3,0.9788214856500878,0,0
line_29,4,0.9819859582827329,0,0
line_29,5,0.9723712138712374,0,0
line_29,6,0.9666952404920583,0,0
line_29,7,0.9598500887735558,0,0
line_29,8,0.9791713807661784,0,0
line_29,9,0.9827818944373642,0,0
line_29,10,0.9791713807661784,0,0
line_29,11,0.9802837307860915,0,0
line_29,12,1.0000000000000002,0,0
line_29,13,0.9675642516787183,0,0
line_29,14,0.9664659607478165,0,0
line_29,15,0.973923439508384,0,0
line_29,16,0.9747635156201457,0,0
line_29,17,0.9591397031706395,0,0
line_29,18,0.9584333090692793,0,0
line_29,19,0.9635954836797739,0,0
line_29,20,0.9929749815993609,0,0
line_29,21,1.0000000000000002,0,0
line_29,22,1.0,0,0
line_29,23,0.9893697890777022,0,0
line_29,24,0.9904756670146498,0,0
line_29,25,0.9724599212712178,0,0
line_29,26,0.9999999999999997,0,0
line_29,27,0.9742443608119232,0,0
line_29,28,0.979596704666889,0,0
line_29,29,0.9678828791888455,0,0
line_30,0,1.0,0,0
line_30,1,0.9999999999999999,0,0
line_30,2,0.9831332658416384,0,0
line_30,3,0.9800863795855193,0,0
line_30,4,0.9823962904670321,0,0
line_30,5,0.9731624889703342,0,0
line_30,6,0.9673381680840211,0,0
line_30,7,0.9606169227723572,0,0
line_30,8,0.9805889752798167,0,0
line_30,9,0.984557301580123,0,0
line_30,10,0.9805889752798167,0,0
line_30,11,0.9853354651430225,0,0
line_30,12,1.0,0,0
line_30,13,0.9764678263632209,0,0
line_30,14,0.9801658309289988,0,0
line_30,15,0.9773293683399695,0,0
line_30,16,0.9769349841694989,0,0
line_30,17,0.9683763217777187,0,0
line_30,18,0.9652757694948604,0,0
line_30,19,0.9691993600956962,0,0
line_30,20,0.9934319246793323,0,0
line_30,21,0.9999999999999998,0,0
line_30,22,1.0,0,0
line_30,23,0.9765065115053698,0,0
line_30,24,0.9855177963795354,0,0
line_30,25,0.9674076492383064,0,0
line_30,26,0.9999999999999998,0,0
line_30,27,0.974798983217345,0,0
line_30,28,0.9795967046668888,0,0
line_30,29,0.9678828791888452,0,0
line_31,0,1.0,0,0
line_31,1,1.0,0,0
line_31,2,0.9830414021002266,0,0
line_31,3,0.9799744351704066,0,0
line_31,4,0.982283091834171,0,0
line_31,5,0.9729050936442671,0,0
line_31,6,0.9671324712014362,0,0
line_31,7,0.9603135628797544,0,0
line_31,8,0.9803972179223087,0,0
line_31,9,0.9844048748407904,0,0
line_31,10,0.9803972179223087,0,0
line_31,11,0.9842605521472698,0,0
line_31,12,0.9999999999999999,0,0
line_31,13,0.97507645789695,0,0
line_31,14,0.9795050242203283,0,0
line_31,15,0.976484672386688,0,0
line_31,16,0.9765223575129801,0,0
line_31,17,0.967613751863609,0,0
line_31,18,0.9646393286692057,0,0
line_31,19,0.968689277300437,0,0
line_31,20,0.9934201014983135,0,0
line_31,21,0.9999999999999999,0,0
line_31,22,0.9999999999999999,0,0
line_31,23,0.9812715200834599,0,0
line_31,24,0.9874070645812358,0,0
line_31,25,0.9693330092911885,0,0
line_31,26,1.0,0,0
line_31,27,0.9742398812129224,0,0
line_31,28,0.979596704666889,0,0
line_31,29,0.9678828791888455,0,0
line_32,0,1.0,0,0
line_32,1,0.9999999999999998,0,0
line_32,2,0.9831548596352561,0,0
line_32,3,0.9801139707986701,0,0
line_32,4,0.9824472057371721,0,0
line_32,5,0.9732811701879243,0,0
line_32,6,0.9674327750756255,0,0
line_32,7,0.9607909240604249,0,0
line_32,8,0.9808330696397733,0,0
line_32,9,0.9848900673006914,0,0
line_32,10,0.9808330696397733,0,0
line_32,11,0.9859782154165446,0,0
line_32,12,1.0,0,0
line_32,13,0.9772402406384402,0,0
line_32,14,0.9805310242500785,0,0
line_32,15,0.977882206524114,0,0
line_32,16,0.9773481948158816,0,0
line_32,17,0.968823946841608,0,0
line_32,18,0.9657092277339198,0,0
line_32,19,0.9696043378719034,0,0
line_32,20,0.993509183688559,0,0
line_32,21,0.9999999999999998,0,0
line_32,22,1.0000000000000002,0,0
line_32,23,0.9879444020011846,0,0
line_32,24,0.9910289171362595,0,0
line_32,25,0.9730236434189478,0,0
line_32,26,1.0000000000000004,0,0
line_32,27,0.9753018464522202,0,0
line_32,28,0.979596704666889,0,0
line_32,29,0.9678828791888456,0,0
line_34,0,1.0,0,0
line_34,1,1.0000000000000002,0,0
line_34,2,0.9831326254947059,0,0
line_34,3,0.9800889960393548,0,0
line_34,4,0.9824573363427841,0,0
line_34,5,0.9733108313548069,0,0
line_34,6,0.9674559686815676,0,0
line_34,7,0.9608791383213514,0,0
line_34,8,0.9811039105580717,0,0
line_34,9,0.9853326897800431,0,0
line_34,10,0.9811039105580717,0,0
line_34,11,0.9864308253156363,0,0
line_34,12,0.9999999999999998,0,0
line_34,13,0.9777395472991337,0,0
line_34,14,0.9807939242503492,0,0
line_34,15,0.9783147798921085,0,0
line_34,16,0.9777835853586216,0,0
line_34,17,0.9691615723448452,0,0
line_34,18,0.9660849159221395,0,0
line_34,19,0.969996840576021,0,0
line_34,20,0.9936247092164247,0,0
line_34,21,1.0000000000000004,0,0
line_34,22,1.0,0,0
line_34,23,0.9827993594029888,0,0
line_34,24,0.9677082250849169,0,0
line_34,25,0.9492504756513898,1,0
line_34,26,1.0,0,0
line_34,27,0.9757539701761277,0,0
line_34,28,0.9795967046668892,0,0
line_34,29,0.9678828791888457,0,0
line_35,0,1.0,0,0
line_35,1,1.0000000000000002,0,0
line_35,2,0.9812325424890591,0,0
line_35,3,0.9777854706438108,0,0
line_35,4,0.9806155090415797,0,0
line_35,5,0.9695925949484019,0,0
line_35,6,0.9644496212563334,0,0
line_35,7,0.9563260142758147,0,0
line_35,8,0.9783439292100058,0,0
line_35,9,0.9829511274485095,0,0
line_35,10,0.9783439292100058,0,0
line_35,11,0.9840460067392912,0,0
line_35,12,1.0,0,0
line_35,13,0.9752697252919991,0,0
line_35,14,0.9792990867322638,0,0
line_35,15,0.9759734174760407,0,0
line_35,16,0.9754219057355115,0,0
line_35,17,0.9672933195949406,0,0
line_35,18,0.9640281723650955,0,0
line_35,19,0.9678583308724552,0,0
line_35,20,0.9930330014482854,0,0
line_35,21,1.0000000000000004,0,0
line_35,22,0.9999999999999999,0,0
line_35,23,0.9884106920329541,0,0
line_35,24,0.9900250630053995,0,0
line_35,25,0.9720007789518036,0,0
line_35,26,0.9999999999999999,0,0
line_35,27,0.9671287159366089,0,0
line_35,28,0.9795967046668889,0,0
line_35,29,0.9678828791888456,0,0
line_36,0,1.0,0,0
line_36,1,1.0,0,0
line_36,2,0.9831070850077567,0,0
line_36,3,0.9800576552268825,0,0
line_36,4,0.9823893010655872,0,0
line_36,5,0.9731399696295849,0,0
line_36,6,0.9673206683820004,0,0
line_36,7,0.9605750083270279,0,0
line_36,8,0.980492130273967,0,0
line_36,9,0.9844068944819693,0,0
line_36,10,0.980492130273967,0,0
line_36,11,0.9854759733469333,0,0
line_36,12,0.9999999999999998,0,0
line_36,13,0.9766875294954082,0,0
line_36,14,0.9802319440951726,0,0
line_36,15,0.9774001681551648,0,0
line_36,16,0.9768682322153256,0,0
line_36,17,0.9684431200388673,0,0
line_36,18,0.9652897819576106,0,0
line_36,19,0.9691690621587241,0,0
line_36,20,0.9933843723247655,0,0
line_36,21,0.9999999999999999,0,0
line_36,22,1.0,0,0
line_36,23,0.988565931999906,0,0
line_36,24,0.9902129840614176,0,0
line_36,25,0.972192261850401,0,0
line_36,26,1.0,0,0
line_36,27,0.9746417338403581,0,0
line_36,28,0.9238215451985305,1,0
line_36,29,0.9344872804216907,1,0
line_37,0,1.0,0,0
line_37,1,1.0,0,0
line_37,2,0.9830967516515576,0,0
line_37,3,0.9800459536351768,0,0
line_37,4,0.9823836983916424,0,0
line_37,5,0.973125381866953,0,0
line_37,6,0.9673091485817371,0,0
line_37,7,0.9605588804954577,0,0
line_37,8,0.9804874903257345,0,0
line_37,9,0.9844077430620746,0,0
line_37,10,0.9804874903257345,0,0
line_37,11,0.9854784910245381,0,0
line_37,12,0.9999999999999998,0,0
line_37,13,0.9766910517892545,0,0
line_37,14,0.9802328982824182,0,0
line_37,15,0.9774016479983928,0,0
line_37,16,0.9768691542742055,0,0
line_37,17,0.9684440326959028,0,0
line_37,18,0.9652906782928729,0,0
line_37,19,0.9691699481866881,0,0
line_37,20,0.993384725301556,0,0
line_37,21,0.9999999999999999,0,0
line_37,22,0.9999999999999999,0,0
line_37,23,0.9885657811654939,0,0
line_37,24,0.9902123256841091,0,0
line_37,25,0.97219159099677,0,0
line_37,26,1.0,0,0
line_37,27,0.9746175091495445,0,0
line_37,28,0.9528284076713787,0,0
line_37,29,0.9144917393104631,1,0
line_38,0,1.0,0,0
line_38,1,1.0,0,0
line_38,2,0.9831274871397062,0,0
line_38,3,0.9800807608871599,0,0
line_38,4,0.9824003518896329,0,0
line_38,5,0.9731687717430312,0,0
line_38,6,0.9673434093877387,0,0
line_38,7,0.960606850099129,0,0
line_38,8,0.9805012794495549,0,0
line_38,9,0.9844052015670771,0,0
line_38,10,0.9805012794495549,0,0
line_38,11,0.9854709765704374,0,0
line_38,12,0.9999999999999998,0,0
line_38,13,0.9766805465938104,0,0
line_38,14,0.9802300438359848,0,0
line_38,15,0.9773972249927031,0,0
line_38,16,0.9768663933794144,0,0
line_38,17,0.9684413012102469,0,0
line_38,18,0.9652879950329426,0,0
line_38,19,0.9691672954946153,0,0
line_38,20,0.9933836707422677,0,0
line_38,21,1.0000000000000002,0,0
line_38,22,1.0,0,0
line_38,23,0.9885661857157959,0,0
line_38,24,0.9902142186139823,0,0
line_38,25,0.9721935197978315,0,0
line_38,26,0.9999999999999999,0,0
line_38,27,0.9746895694949176,0,0
line_38,28,0.9908226671577648,0,0
line_38,29,0.9504863508932732,0,0
line_39,0,1.0,0,0
line_39,1,1.0,0,0
line_39,2,0.9824147166809916,0,0
line_39,3,0.9792168645015257,0,0
line_39,4,0.9817361645085804,0,0
line_39,5,0.9718502679892059,0,0
line_39,6,0.9662754713574577,0,0
line_39,7,0.9561162111483137,0,0
line_39,8,0.9798515188693999,0,0
line_39,9,0.9841042547394039,0,0
line_39,10,0.9798515188693999,0,0
line_39,11,0.9851945961340638,0,0
line_39,12,1.0,0,0
line_39,13,0.976438500559516,0,0
line_39,14,0.980036706940252,0,0
line_39,15,0.9771094753055062,0,0
line_39,16,0.9765681667427585,0,0
line_39,17,0.968206896621598,0,0
line_39,18,0.9650302038682232,0,0
line_39,19,0.9688984337117145,0,0
line_39,20,0.993315666329896,0,0
line_39,21,1.0000000000000002,0,0
line_39,22,0.9999999999999999,0,0
line_39,23,0.9885668992468277,0,0
line_39,24,0.990217390913787,0,0
line_39,25,0.972196752212698,0,0
line_39,26,0.9999999999999998,0,0
line_39,27,0.9767922600060401,0,0
line_39,28,0.979596704666889,0,0
line_39,29,0.9678828791888452,0,0
line_40,0,1.0,0,0
line_40,1,0.9999999999999998,0,0
line_40,2,0.9827059958291882,0,0
line_40,3,0.9795693939123167,0,0
line_40,4,0.9820053413875373,0,0
line_40,5,0.9723870146433025,0,0
line_40,6,0.9667100150500806,0,0
line_40,7,0.9603625215571544,0,0
line_40,8,0.9801179052437606,0,0
line_40,9,0.9842298524922635,0,0
line_40,10,0.9801179052437606,0,0
line_40,11,0.9853096585938413,0,0
line_40,12,1.0,0,0
line_40,13,0.9765398953195611,0,0
line_40,14,0.9801170598050433,0,0
line_40,15,0.977229439749823,0,0
line_40,16,0.9766926052191913,0,0
line_40,17,0.9683046679150998,0,0
line_40,18,0.9651377870745623,0,0
line_40,19,0.9690106306087575,0,0
line_40,20,0.9933441443514521,0,0
line_40,21,1.0000000000000002,0,0
line_40,22,1.0,0,0
line_40,23,0.9885664836649858,0,0
line_40,24,0.9902158138529304,0,0
line_40,25,0.9721951452665984,0,0
line_40,26,0.9999999999999999,0,0
line_40,27,0.9772263302247559,0,0
line_40,28,0.9795967046668889,0,0
line_40,29,0.9678828791888454,0,0
