bus,name,vn_kv,type,zone,in_service,max_vm_pu,min_vm_pu,geo
0,1,135.0,b,1.0,True,1.05,0.95,"{""coordinates"": [-1.7274567146, -3.1892649529], ""type"": ""Point""}"
1,2,135.0,b,1.0,True,1.1,0.95,"{""coordinates"": [-0.5620171842, -3.3148524773], ""type"": ""Point""}"
2,3,135.0,b,1.0,True,1.05,0.95,"{""coordinates"": [-1.59061066, -4.144202153], ""type"": ""Point""}"
3,4,135.0,b,1.0,True,1.05,0.95,"{""coordinates"": [-0.3726946517, -4.2829075502], ""type"": ""Point""}"
4,5,135.0,b,1.0,True,1.05,0.95,"{""coordinates"": [-1.0537836171, -2.2394463492], ""type"": ""Point""}"
5,6,135.0,b,1.0,True,1.05,0.95,"{""coordinates"": [0.5309084006, -3.433272374], ""type"": ""Point""}"
6,7,135.0,b,1.0,True,1.05,0.95,"{""coordinates"": [-0.0673791279, -2.3918873148], ""type"": ""Point""}"
7,8,135.0,b,1.0,True,1.05,0.95,"{""coordinates"": [1.0669150553, -2.4311581116], ""type"": ""Point""}"
8,9,135.0,b,1.0,True,1.05,0.95,"{""coordinates"": [1.1037817517, -3.1875438028], ""type"": ""Point""}"
9,10,135.0,b,3.0,True,1.05,0.95,"{""coordinates"": [1.1626994941, -4.2978495824], ""type"": ""Point""}"
10,11,135.0,b,1.0,True,1.05,0.95,"{""coordinates"": [1.0120878871, -1.7414860957], ""type"": ""Point""}"
11,12,135.0,b,2.0,True,1.05,0.95,"{""coordinates"": [-0.2483703707, -5.7011599364], ""type"": ""Point""}"
12,13,135.0,b,2.0,True,1.1,0.95,"{""coordinates"": [-1.3515096676, -6.364862178], ""type"": ""Point""}"
13,14,135.0,b,2.0,True,1.05,0.95,"{""coordinates"": [-0.1392678391, -6.7357195544], ""type"": ""Point""}"
14,15,135.0,b,2.0,True,1.05,0.95,"{""coordinates"": [0.8041763605, -6.4263057784], ""type"": ""Point""}"
15,16,135.0,b,2.0,True,1.05,0.95,"{""coordinates"": [-0.9242954395, -5.4723948016], ""type"": ""Point""}"
16,17,135.0,b,2.0,True,1.05,0.95,"{""coordinates"": [0.2295692813, -4.9094485678], ""type"": ""Point""}"
17,18,135.0,b,2.0,True,1.05,0.95,"{""coordinates"": [1.0937142736, -7.4731743253], ""type"": ""Point""}"
18,19,135.0,b,2.0,True,1.05,0.95,"{""coordinates"": [1.8574880571, -6.8557907822], ""type"": ""Point""}"
19,20,135.0,b,2.0,True,1.05,0.95,"{""coordinates"": [1.496608508, -5.5566606165], ""type"": ""Point""}"
20,21,135.0,b,3.0,True,1.05,0.95,"{""coordinates"": [1.8817593551, -4.6687303186], ""type"": ""Point""}"
21,22,135.0,b,3.0,True,1.1,0.95,"{""coordinates"": [2.4068601909, -4.3993436497], ""type"": ""Point""}"
22,23,135.0,b,2.0,True,1.1,0.95,"{""coordinates"": [2.2748765253, -6.1619370169], ""type"": ""Point""}"
23,24,135.0,b,3.0,True,1.05,0.95,"{""coordinates"": [3.1169836554, -5.1465920415], ""type"": ""Point""}"
24,25,135.0,b,3.0,True,1.05,0.95,"{""coordinates"": [3.7246411249, -4.0370927851], ""type"": ""Point""}"
25,26,135.0,b,3.0,True,1.05,0.95,"{""coordinates"": [4.8299404079, -4.2704759539], ""type"": ""Point""}"
26,27,135.0,b,3.0,True,1.1,0.95,"{""coordinates"": [3.1039065876, -2.8673421324], ""type"": ""Point""}"
27,28,135.0,b,1.0,True,1.05,0.95,"{""coordinates"": [1.8534092602, -2.8489444663], ""type"": ""Point""}"
28,29,135.0,b,3.0,True,1.05,0.95,"{""coordinates"": [4.0378033247, -2.2835029253], ""type"": ""Point""}"
29,30,135.0,b,3.0,True,1.05,0.95,"{""coordinates"": [3.4709477276, -1.7452892746], ""type"": ""Point""}"
