scenario_id,outage_line,from_bus,to_bus,total_demand_mw,status,failure_reason,min_v_pu,max_v_pu,max_loading_percent,low_voltage_buses,high_voltage_buses,overloaded_lines,unsupplied_buses,voltage_violation,thermal_violation,violation,any_screen_violation,load_bus_1,load_bus_2,load_bus_3,load_bus_6,load_bus_7,load_bus_9,load_bus_11,load_bus_13,load_bus_14,load_bus_15,load_bus_16,load_bus_17,load_bus_18,load_bus_19,load_bus_20,load_bus_22,load_bus_23,load_bus_25,load_bus_28,load_bus_29,new_overloaded_lines,new_low_voltage_buses,new_high_voltage_buses,incremental_thermal_violation
base,,,,189.2,converged,,0.9606237083025242,1.0,111.83140586617273,,,9,,0,1,0,1,21.7,2.4,7.6,22.8,30.0,5.8,11.2,6.2,8.2,3.5,9.0,3.2,9.5,2.2,17.5,3.2,8.7,3.5,2.4,10.6,,,,0
line_0,0,0,1,189.2,converged,,0.9608786648137991,1.0000000000000002,111.79728737850274,,,9,,0,1,0,1,21.7,2.4,7.6,22.8,30.0,5.8,11.2,6.2,8.2,3.5,9.0,3.2,9.5,2.2,17.5,3.2,8.7,3.5,2.4,10.6,,,,0
line_1,1,0,2,189.2,converged,,0.9563111943099425,1.0000000000000004,112.00653364678396,,,9,,0,1,0,1,21.7,2.4,7.6,22.8,30.0,5.8,11.2,6.2,8.2,3.5,9.0,3.2,9.5,2.2,17.5,3.2,8.7,3.5,2.4,10.6,,,,0
line_2,2,1,3,189.2,converged,,0.9554749826725468,1.0000000000000004,112.04627367366528,,,9,,0,1,0,1,21.7,2.4,7.6,22.8,30.0,5.8,11.2,6.2,8.2,3.5,9.0,3.2,9.5,2.2,17.5,3.2,8.7,3.5,2.4,10.6,,,,0
line_3,3,2,3,189.2,converged,,0.9571351570272643,1.0000000000000002,111.97358118411272,,,9,,0,1,0,1,21.7,2.4,7.6,22.8,30.0,5.8,11.2,6.2,8.2,3.5,9.0,3.2,9.5,2.2,17.5,3.2,8.7,3.5,2.4,10.6,,,,0
line_4,4,1,4,189.2,converged,,0.952203141710814,1.0000000000000002,111.98684977312159,,,9,,0,1,0,1,21.7,2.4,7.6,22.8,30.0,5.8,11.2,6.2,8.2,3.5,9.0,3.2,9.5,2.2,17.5,3.2,8.7,3.5,2.4,10.6,,,,0
line_5,5,1,5,189.2,converged,,0.9511841863247392,1.0000000000000007,112.08030286425834,,,9;28,,0,1,0,1,21.7,2.4,7.6,22.8,30.0,5.8,11.2,6.2,8.2,3.5,9.0,3.2,9.5,2.2,17.5,3.2,8.7,3.5,2.4,10.6,28,,,1
line_6,6,3,5,189.2,converged,,0.9475363532729824,1.0,111.80982957651864,7,,9;28,,1,1,1,1,21.7,2.4,7.6,22.8,30.0,5.8,11.2,6.2,8.2,3.5,9.0,3.2,9.5,2.2,17.5,3.2,8.7,3.5,2.4,10.6,28,7,,1
line_7,7,4,6,189.2,converged,,0.9506926055887702,1.0023854996310724,112.00679509317959,,,9,,0,1,0,1,21.7,2.4,7.6,22.8,30.0,5.8,11.2,6.2,8.2,3.5,9.0,3.2,9.5,2.2,17.5,3.2,8.7,3.5,2.4,10.6,,,,0
line_8,8,5,6,189.2,converged,,0.9412570623736926,1.0000000000000004,111.7518111507444,6,,9,,1,1,1,1,21.7,2.4,7.6,22.8,30.0,5.8,11.2,6.2,8.2,3.5,9.0,3.2,9.5,2.2,17.5,3.2,8.7,3.5,2.4,10.6,,6,,0
line_9,9,5,7,189.2,converged,,0.8642017026538718,1.0000000000000004,153.4161771092112,7,,39;40,,1,1,1,1,21.7,2.4,7.6,22.8,30.0,5.8,11.2,6.2,8.2,3.5,9.0,3.2,9.5,2.2,17.5,3.2,8.7,3.5,2.4,10.6,39;40,7,,1
line_10,10,5,8,189.2,converged,,0.9591710667994062,1.0000000000000004,112.28964169241343,,,9,,0,1,0,1,21.7,2.4,7.6,22.8,30.0,5.8,11.2,6.2,8.2,3.5,9.0,3.2,9.5,2.2,17.5,3.2,8.7,3.5,2.4,10.6,,,,0
line_11,11,5,9,189.2,converged,,0.9598500558548346,1.0000000000000002,112.02998765310035,,,9,,0,1,0,1,21.7,2.4,7.6,22.8,30.0,5.8,11.2,6.2,8.2,3.5,9.0,3.2,9.5,2.2,17.5,3.2,8.7,3.5,2.4,10.6,,,,0
line_12,12,8,10,189.2,islanded,Unsupplied buses,,,,,,,10,0,0,1,1,21.7,2.4,7.6,22.8,30.0,5.8,11.2,6.2,8.2,3.5,9.0,3.2,9.5,2.2,17.5,3.2,8.7,3.5,2.4,10.6,,,,0
line_13,13,8,9,189.2,converged,,0.9591710667994068,1.0000000000000004,112.2896416924132,,,9,,0,1,0,1,21.7,2.4,7.6,22.8,30.0,5.8,11.2,6.2,8.2,3.5,9.0,3.2,9.5,2.2,17.5,3.2,8.7,3.5,2.4,10.6,,,,0
line_14,14,3,11,189.2,converged,,0.9600103714413738,1.0000000000000002,111.71699193464082,,,9,,0,1,0,1,21.7,2.4,7.6,22.8,30.0,5.8,11.2,6.2,8.2,3.5,9.0,3.2,9.5,2.2,17.5,3.2,8.7,3.5,2.4,10.6,,,,0
line_15,15,11,12,189.2,islanded,Unsupplied buses,,,,,,,12,0,0,1,1,21.7,2.4,7.6,22.8,30.0,5.8,11.2,6.2,8.2,3.5,9.0,3.2,9.5,2.2,17.5,3.2,8.7,3.5,2.4,10.6,,,,0
line_16,16,11,13,189.2,converged,,0.9603448646323461,1.0000000000000002,111.91510213083598,,,9,,0,1,0,1,21.7,2.4,7.6,22.8,30.0,5.8,11.2,6.2,8.2,3.5,9.0,3.2,9.5,2.2,17.5,3.2,8.7,3.5,2.4,10.6,,,,0
line_17,17,11,14,189.2,converged,,0.9606232332006731,1.0000000000000002,112.19785833696633,,,9,,0,1,0,1,21.7,2.4,7.6,22.8,30.0,5.8,11.2,6.2,8.2,3.5,9.0,3.2,9.5,2.2,17.5,3.2,8.7,3.5,2.4,10.6,,,,0
line_18,18,11,15,189.2,converged,,0.9602603170362458,1.0,111.95907388138826,,,9,,0,1,0,1,21.7,2.4,7.6,22.8,30.0,5.8,11.2,6.2,8.2,3.5,9.0,3.2,9.5,2.2,17.5,3.2,8.7,3.5,2.4,10.6,,,,0
line_19,19,13,14,189.2,converged,,0.9605911333514182,1.0,111.82113196008633,,,9,,0,1,0,1,21.7,2.4,7.6,22.8,30.0,5.8,11.2,6.2,8.2,3.5,9.0,3.2,9.5,2.2,17.5,3.2,8.7,3.5,2.4,10.6,,,,0
line_20,20,15,16,189.2,converged,,0.9604459371491847,1.0000000000000004,111.90461424688604,,,9,,0,1,0,1,21.7,2.4,7.6,22.8,30.0,5.8,11.2,6.2,8.2,3.5,9.0,3.2,9.5,2.2,17.5,3.2,8.7,3.5,2.4,10.6,,,,0
line_21,21,14,17,189.2,converged,,0.9464920654651761,1.0000000000000002,111.8071828482792,17;18,,9;28,,1,1,1,1,21.7,2.4,7.6,22.8,30.0,5.8,11.2,6.2,8.2,3.5,9.0,3.2,9.5,2.2,17.5,3.2,8.7,3.5,2.4,10.6,28,17;18,,1
line_22,22,17,18,189.2,converged,,0.9579068039465718,1.0000000000000002,111.80760972713885,,,9,,0,1,0,1,21.7,2.4,7.6,22.8,30.0,5.8,11.2,6.2,8.2,3.5,9.0,3.2,9.5,2.2,17.5,3.2,8.7,3.5,2.4,10.6,,,,0
line_23,23,18,19,189.2,converged,,0.9383695553693053,1.0000000000000002,111.84374058810957,17;18,,9,,1,1,1,1,21.7,2.4,7.6,22.8,30.0,5.8,11.2,6.2,8.2,3.5,9.0,3.2,9.5,2.2,17.5,3.2,8.7,3.5,2.4,10.6,,17;18,,0
line_24,24,9,19,189.2,converged,,0.9278660727834255,1.0000000000000002,111.86073555125185,17;18;19,,9;21,,1,1,1,1,21.7,2.4,7.6,22.8,30.0,5.8,11.2,6.2,8.2,3.5,9.0,3.2,9.5,2.2,17.5,3.2,8.7,3.5,2.4,10.6,21,17;18;19,,1
line_25,25,9,16,189.2,converged,,0.9306769597389973,1.0000000000000002,111.79085821990398,16,,9,,1,1,1,1,21.7,2.4,7.6,22.8,30.0,5.8,11.2,6.2,8.2,3.5,9.0,3.2,9.5,2.2,17.5,3.2,8.7,3.5,2.4,10.6,,16,,0
line_26,26,9,20,189.2,converged,,0.9583782254525716,1.0,111.92226318927412,,,9,,0,1,0,1,21.7,2.4,7.6,22.8,30.0,5.8,11.2,6.2,8.2,3.5,9.0,3.2,9.5,2.2,17.5,3.2,8.7,3.5,2.4,10.6,,,,0
line_27,27,9,21,189.2,converged,,0.9592835037989497,1.0000000000000002,114.32347616906596,,,9;28,,0,1,0,1,21.7,2.4,7.6,22.8,30.0,5.8,11.2,6.2,8.2,3.5,9.0,3.2,9.5,2.2,17.5,3.2,8.7,3.5,2.4,10.6,28,,,1
line_28,28,20,21,189.2,converged,,0.9452725556875949,1.0000000000000004,111.6260269671625,18;20,,9,,1,1,1,1,21.7,2.4,7.6,22.8,30.0,5.8,11.2,6.2,8.2,3.5,9.0,3.2,9.5,2.2,17.5,3.2,8.7,3.5,2.4,10.6,,18;20,,0
line_29,29,14,22,189.2,converged,,0.9584333090692793,1.0000000000000002,110.95979674176452,,,9;28;31,,0,1,0,1,21.7,2.4,7.6,22.8,30.0,5.8,11.2,6.2,8.2,3.5,9.0,3.2,9.5,2.2,17.5,3.2,8.7,3.5,2.4,10.6,28;31,,,1
line_30,30,21,23,189.2,converged,,0.9606169227723572,1.0,111.47459560001363,,,9,,0,1,0,1,21.7,2.4,7.6,22.8,30.0,5.8,11.2,6.2,8.2,3.5,9.0,3.2,9.5,2.2,17.5,3.2,8.7,3.5,2.4,10.6,,,,0
line_31,31,22,23,189.2,converged,,0.9603135628797544,1.0,112.61161902770915,,,9;29,,0,1,0,1,21.7,2.4,7.6,22.8,30.0,5.8,11.2,6.2,8.2,3.5,9.0,3.2,9.5,2.2,17.5,3.2,8.7,3.5,2.4,10.6,29,,,1
line_32,32,23,24,189.2,converged,,0.9607909240604249,1.0000000000000004,110.08201067374526,,,9,,0,1,0,1,21.7,2.4,7.6,22.8,30.0,5.8,11.2,6.2,8.2,3.5,9.0,3.2,9.5,2.2,17.5,3.2,8.7,3.5,2.4,10.6,,,,0
line_33,33,24,25,189.2,islanded,Unsupplied buses,,,,,,,25,0,0,1,1,21.7,2.4,7.6,22.8,30.0,5.8,11.2,6.2,8.2,3.5,9.0,3.2,9.5,2.2,17.5,3.2,8.7,3.5,2.4,10.6,,,,0
line_34,34,24,26,189.2,converged,,0.9492504756513898,1.0000000000000004,108.5554470239341,25,,9,,1,1,1,1,21.7,2.4,7.6,22.8,30.0,5.8,11.2,6.2,8.2,3.5,9.0,3.2,9.5,2.2,17.5,3.2,8.7,3.5,2.4,10.6,,25,,0
line_35,35,27,26,189.2,converged,,0.9563260142758147,1.0000000000000004,117.96447067353786,,,9;28,,0,1,0,1,21.7,2.4,7.6,22.8,30.0,5.8,11.2,6.2,8.2,3.5,9.0,3.2,9.5,2.2,17.5,3.2,8.7,3.5,2.4,10.6,28,,,1
line_36,36,26,28,189.2,converged,,0.9238215451985305,1.0,111.9487942141349,28;29,,9,,1,1,1,1,21.7,2.4,7.6,22.8,30.0,5.8,11.2,6.2,8.2,3.5,9.0,3.2,9.5,2.2,17.5,3.2,8.7,3.5,2.4,10.6,,28;29,,0
line_37,37,26,29,189.2,converged,,0.9144917393104631,1.0,111.98761115328473,29,,9,,1,1,1,1,21.7,2.4,7.6,22.8,30.0,5.8,11.2,6.2,8.2,3.5,9.0,3.2,9.5,2.2,17.5,3.2,8.7,3.5,2.4,10.6,,29,,0
line_38,38,28,29,189.2,converged,,0.9504863508932732,1.0000000000000002,111.8720715460902,,,9,,0,1,0,1,21.7,2.4,7.6,22.8,30.0,5.8,11.2,6.2,8.2,3.5,9.0,3.2,9.5,2.2,17.5,3.2,8.7,3.5,2.4,10.6,,,,0
line_39,39,7,27,189.2,converged,,0.9561162111483137,1.0000000000000002,138.66778943796027,,,9,,0,1,0,1,21.7,2.4,7.6,22.8,30.0,5.8,11.2,6.2,8.2,3.5,9.0,3.2,9.5,2.2,17.5,3.2,8.7,3.5,2.4,10.6,,,,0
line_40,40,5,27,189.2,converged,,0.9603625215571544,1.0000000000000002,107.71756781979609,,,9,,0,1,0,1,21.7,2.4,7.6,22.8,30.0,5.8,11.2,6.2,8.2,3.5,9.0,3.2,9.5,2.2,17.5,3.2,8.7,3.5,2.4,10.6,,,,0
