line,name,std_type,from_bus,to_bus,length_km,r_ohm_per_km,x_ohm_per_km,c_nf_per_km,g_us_per_km,max_i_ka,df,parallel,type,in_service,max_loading_percent,geo
0,,,0,1,1.0,3.645,10.935,436.63907569792957,0.0,0.55596692588631,1.0,1,ol,True,100.0,
1,,,0,2,1.0,9.1125,34.6275,291.09271713195307,0.0,0.55596692588631,1.0,1,ol,True,100.0,
2,,,1,3,1.0,10.935,30.9825,291.09271713195307,0.0,0.27798346294315,1.0,1,ol,True,100.0,
3,,,2,3,1.0,1.8225,7.29,0.0,0.0,0.55596692588631,1.0,1,ol,True,100.0,
4,,,1,4,1.0,9.1125,36.45,291.09271713195307,0.0,0.55596692588631,1.0,1,ol,True,100.0,
5,,,1,5,1.0,10.935,32.805,291.09271713195307,0.0,0.27798346294315,1.0,1,ol,True,100.0,
6,,,3,5,1.0,1.8225,7.29,0.0,0.0,0.38490017945975,1.0,1,ol,True,100.0,
7,,,4,6,1.0,9.1125,21.87,145.54635856597653,0.0,0.29936680624647,1.0,1,ol,True,100.0,
8,,,5,6,1.0,5.4675,14.58,145.54635856597653,0.0,0.55596692588631,1.0,1,ol,True,100.0,
9,,,5,7,1.0,1.8225,7.29,0.0,0.0,0.13685339714124,1.0,1,ol,True,100.0,
10,,,5,8,1.0,0.0,38.2725,0.0,0.0,0.27798346294315,1.0,1,ol,True,100.0,
11,,,5,9,1.0,0.0,102.06000000000002,0.0,0.0,0.13685339714124,1.0,1,ol,True,100.0,
12,,,8,10,1.0,0.0,38.2725,0.0,0.0,0.27798346294315,1.0,1,ol,True,100.0,
13,,,8,9,1.0,0.0,20.0475,0.0,0.0,0.27798346294315,1.0,1,ol,True,100.0,
14,,,3,11,1.0,0.0,47.38500000000001,0.0,0.0,0.27798346294315,1.0,1,ol,True,100.0,
15,,,11,12,1.0,0.0,25.515,0.0,0.0,0.27798346294315,1.0,1,ol,True,100.0,
16,,,11,13,1.0,21.87,47.38500000000001,0.0,0.0,0.13685339714124,1.0,1,ol,True,100.0,
17,,,11,14,1.0,12.7575,23.6925,0.0,0.0,0.13685339714124,1.0,1,ol,True,100.0,
18,,,11,15,1.0,16.4025,36.45,0.0,0.0,0.13685339714124,1.0,1,ol,True,100.0,
19,,,13,14,1.0,40.095,36.45,0.0,0.0,0.06842669857062,1.0,1,ol,True,100.0,
20,,,15,16,1.0,14.58,34.6275,0.0,0.0,0.06842669857062,1.0,1,ol,True,100.0,
21,,,14,17,1.0,20.0475,40.095,0.0,0.0,0.06842669857062,1.0,1,ol,True,100.0,
22,,,17,18,1.0,10.935,23.6925,0.0,0.0,0.06842669857062,1.0,1,ol,True,100.0,
23,,,18,19,1.0,5.4675,12.7575,0.0,0.0,0.13685339714124,1.0,1,ol,True,100.0,
24,,,9,19,1.0,16.4025,38.2725,0.0,0.0,0.13685339714124,1.0,1,ol,True,100.0,
25,,,9,16,1.0,5.4675,14.58,0.0,0.0,0.13685339714124,1.0,1,ol,True,100.0,
26,,,9,20,1.0,5.4675,12.7575,0.0,0.0,0.13685339714124,1.0,1,ol,True,100.0,
27,,,9,21,1.0,12.7575,27.3375,0.0,0.0,0.13685339714124,1.0,1,ol,True,100.0,
28,,,20,21,1.0,1.8225,3.645,0.0,0.0,0.13685339714124,1.0,1,ol,True,100.0,
29,,,14,22,1.0,18.225,36.45,0.0,0.0,0.06842669857062,1.0,1,ol,True,100.0,
30,,,21,23,1.0,21.87,32.805,0.0,0.0,0.06842669857062,1.0,1,ol,True,100.0,
31,,,22,23,1.0,23.6925,49.2075,0.0,0.0,0.06842669857062,1.0,1,ol,True,100.0,
32,,,23,24,1.0,34.6275,60.14250000000001,0.0,0.0,0.06842669857062,1.0,1,ol,True,100.0,
33,,,24,25,1.0,45.5625,69.255,0.0,0.0,0.06842669857062,1.0,1,ol,True,100.0,
34,,,24,26,1.0,20.0475,38.2725,0.0,0.0,0.06842669857062,1.0,1,ol,True,100.0,
35,,,27,26,1.0,0.0,72.9,0.0,0.0,0.27798346294315,1.0,1,ol,True,100.0,
36,,,26,28,1.0,40.095,76.545,0.0,0.0,0.06842669857062,1.0,1,ol,True,100.0,
37,,,26,29,1.0,58.32,109.35,0.0,0.0,0.06842669857062,1.0,1,ol,True,100.0,
38,,,28,29,1.0,43.73999999999999,82.0125,0.0,0.0,0.06842669857062,1.0,1,ol,True,100.0,
39,,,7,27,1.0,10.935,36.45,291.09271713195307,0.0,0.13685339714124,1.0,1,ol,True,100.0,
40,,,5,27,1.0,3.645,10.935,145.54635856597653,0.0,0.13685339714124,1.0,1,ol,True,100.0,
