scenario_id,line,loading_percent,above_max
base,0,9.24600427111407,0
base,1,12.48833418633561,0
base,2,27.0454617734002,0
base,3,10.403286454052639,0
base,4,11.70708968584664,0
base,5,34.334201106691694,0
base,6,28.58636321785644,0
base,7,22.453883246301046,0
base,8,8.013302187335178,0
base,9,111.83140586617273,1
base,10,10.57838286593945,0
base,11,12.278480112651192,0
base,12,0.0,0
base,13,10.578382866941281,0
base,14,4.118711222052218,0
base,15,59.54239346541931,0
base,16,17.31099433086774,0
base,17,30.241026596488354,0
base,18,29.3774722995021,0
base,19,7.468323509377199,0
base,20,38.699349359733084,0
base,21,58.63443396827578,0
base,22,37.930029111820275,0
base,23,17.025093228969666,0
base,24,23.83688879702538,0
base,25,27.59525874327705,0
base,26,37.70976113345693,0
base,27,29.448587592436454,0
base,28,95.35098634594517,0
base,29,65.35981989424556,0
base,30,50.47541914660787,0
base,31,44.62652807888059,0
base,32,26.82039871942326,0
base,33,26.92413803795248,0
base,34,47.13490792892919,0
base,35,13.613658506023118,0
base,36,39.996468919191166,0
base,37,45.72876507047934,0
base,38,23.82537245330698,0
base,39,26.261167065561803,0
base,40,9.015361116552489,0
line_0,1,20.206237805024525,0
line_0,2,21.474165867599076,0
line_0,3,18.266363854857023,0
line_0,4,10.673470393702996,0
line_0,5,29.871167900070905,0
line_0,6,33.32882669035744,0
line_0,7,20.662113334759038,0
line_0,8,9.124524727990165,0
line_0,9,111.79728737850274,1
line_0,10,10.286200132376475,0
line_0,11,11.939339439894047,0
line_0,12,0.0,0
line_0,13,10.286200133700499,0
line_0,14,3.795727045611989,0
line_0,15,59.5024778340172,0
line_0,16,17.413377566555745,0
line_0,17,30.697319301492193,0
line_0,18,29.87723311550992,0
line_0,19,7.3649922201131615,0
line_0,20,39.72661827913442,0
line_0,21,59.14846634711742,0
line_0,22,38.46851986212656,0
line_0,23,16.918315451640943,0
line_0,24,23.691668074285793,0
line_0,25,27.547809231832044,0
line_0,26,37.63854848994671,0
line_0,27,29.417312843613242,0
line_0,28,95.32993937157467,0
line_0,29,64.90794595240268,0
line_0,30,50.63999309747158,0
line_0,31,45.173211714596704,0
line_0,32,26.403376699277192,0
line_0,33,26.92406126188137,0
line_0,34,46.78338720719666,0
line_0,35,13.613680078637543,0
line_0,36,39.996468919191166,0
line_0,37,45.728765070479156,0
line_0,38,23.825372453306713,0
line_0,39,26.254286714301543,0
line_0,40,8.91678975013072,0
line_1,0,21.69612529430883,0
line_1,2,38.413376489925575,0
line_1,3,2.1211650141855087,0
line_1,4,13.55436925549745,0
line_1,5,42.47570599629274,0
line_1,6,19.816391223483215,0
line_1,7,25.810558953115258,0
line_1,8,6.290145680216634,0
line_1,9,112.00653364678396,1
line_1,10,11.77387905695011,0
line_1,11,13.666109620486361,0
line_1,12,0.0,0
line_1,13,11.773879058984816,0
line_1,14,6.735607720431432,0
line_1,15,60.122289675960516,0
line_1,16,17.114963718131555,0
line_1,17,29.90513354569537,0
line_1,18,28.83179064339032,0
line_1,19,8.128098068459128,0
line_1,20,37.814686266582065,0
line_1,21,58.03651799620029,0
line_1,22,37.289135683169114,0
line_1,23,17.21542118949095,0
line_1,24,24.076262017571693,0
line_1,25,28.07876869193111,0
line_1,26,41.01632148292452,0
line_1,27,31.293423196882763,0
line_1,28,97.89928693713586,0
line_1,29,67.69034913145389,0
line_1,30,50.38906404503415,0
line_1,31,43.86973561914747,0
line_1,32,27.59100993949116,0
line_1,33,26.924224556359665,0
line_1,34,47.7846588420393,0
line_1,35,14.6209500578015,0
line_1,36,39.9964689191912,0
line_1,37,45.72876507047925,0
line_1,38,23.825372453306777,0
line_1,39,26.75133247355621,0
line_1,40,11.243384197285032,0
line_2,0,4.741802702656503,0
line_2,1,17.224689093015982,0
line_2,3,15.134278831766808,0
line_2,4,14.11809331152426,0
line_2,5,44.98576844035823,0
line_2,6,17.405316445532463,0
line_2,7,26.826531448670153,0
line_2,8,5.80418858777898,0
line_2,9,112.04627367366528,1
line_2,10,12.061263851987212,0
line_2,11,13.999681257706287,0
line_2,12,0.0,0
line_2,13,12.061263854330724,0
line_2,14,7.272346186976117,0
line_2,15,60.24142934013831,0
line_2,16,17.058983819593898,0
line_2,17,29.75631530855567,0
line_2,18,28.631464562395685,0
line_2,19,8.267855697363666,0
line_2,20,37.447458187937436,0
line_2,21,57.82446292036313,0
line_2,22,37.06403814842763,0
line_2,23,17.27317575808295,0
line_2,24,24.149925557142556,0
line_2,25,28.17855801812497,0
line_2,26,41.63289730704712,0
line_2,27,31.637363840573713,0
line_2,28,98.37239335509285,0
line_2,29,68.20698691195464,0
line_2,30,50.340565273153516,0
line_2,31,43.623499840154935,0
line_2,32,27.81594643751969,0
line_2,33,26.924257445783645,0
line_2,34,47.97530834002383,0
line_2,35,14.815673657538442,0
line_2,36,39.996468919191244,0
line_2,37,45.72876507047924,0
line_2,38,23.82537245330679,0
line_2,39,26.842857029450144,0
line_2,40,11.678293924195735,0
line_3,0,19.678890709672668,0
line_3,1,2.0673676006413824,0
line_3,2,36.50184767833448,0
line_3,4,13.244710307308182,0
line_3,5,41.1115619357686,0
line_3,6,21.315680873829976,0
line_3,7,25.24371543007605,0
line_3,8,6.573289245560747,0
line_3,9,111.97358118411272,1
line_3,10,11.546165194273959,0
line_3,11,13.401798886954147,0
line_3,12,0.0,0
line_3,13,11.546165196136258,0
line_3,14,6.230547758600902,0
line_3,15,60.007815804551065,0
line_3,16,17.148014528756324,0
line_3,17,29.945774026840805,0
line_3,18,28.91485911737722,0
line_3,19,8.004847148447547,0
line_3,20,37.93856524141689,0
line_3,21,58.12926677593146,0
line_3,22,37.38914248958245,0
line_3,23,17.18323868875752,0
line_3,24,24.036362016220686,0
line_3,25,27.987355868844894,0
line_3,26,40.37824600157276,0
line_3,27,30.93596915925565,0
line_3,28,97.4028129058484,0
line_3,29,67.25366494326245,0
line_3,30,50.39833818392909,0
line_3,31,43.99167230509142,0
line_3,32,27.460216590225134,0
line_3,33,26.924210950314137,0
line_3,34,47.67418334988913,0
line_3,35,14.4195451652157,0
line_3,36,39.99646891919098,0
line_3,37,45.72876507047924,0
line_3,38,23.825372453306944,0
line_3,39,26.65616051206839,0
line_3,40,10.812255266250146,0
line_4,0,7.179823433749862,0
line_4,1,14.918318338096565,0
line_4,2,34.48809894027743,0
line_4,3,12.828536549797592,0
line_4,5,44.03904494347295,0
line_4,6,37.36117628767451,0
line_4,7,1.619523065237693,0
line_4,8,20.054898381673794,0
line_4,9,111.98684977312159,1
line_4,10,11.5861939617686,0
line_4,11,13.448260849610808,0
line_4,12,0.0,0
line_4,13,11.586193964598497,0
line_4,14,5.334214658436545,0
line_4,15,59.88884128323967,0
line_4,16,17.40055819640546,0
line_4,17,30.982582663387813,0
line_4,18,30.068052897452002,0
line_4,19,7.703049024917337,0
line_4,20,40.05364848129626,0
line_4,21,59.397488476675264,0
line_4,22,38.650566451897674,0
line_4,23,16.742178143221366,0
line_4,24,23.537079077817843,0
line_4,25,27.51483502035444,0
line_4,26,42.043606893715854,0
line_4,27,31.89335695884431,0
line_4,28,98.80019144398756,0
line_4,29,66.2723561453283,0
line_4,30,50.863767142640924,0
line_4,31,45.24290303933705,0
line_4,32,26.618976622824185,0
line_4,33,26.924015867615037,0
line_4,34,46.96110356685823,0
line_4,35,15.147615271864797,0
line_4,36,39.99646891919114,0
line_4,37,45.7287650704793,0
line_4,38,23.82537245330697,0
line_4,39,26.990001243475902,0
line_4,40,12.070234709641694,0
line_5,0,5.018899729809941,0
line_5,1,17.036082782131313,0
line_5,2,41.215442913400906,0
line_5,3,14.949768882646044,0
line_5,4,15.859985116338427,0
line_5,6,44.87517643675764,0
line_5,7,30.018220954868717,0
line_5,8,4.35878056539569,0
line_5,9,112.08030286425834,1
line_5,10,12.302126453506975,0
line_5,11,14.279253920629747,0
line_5,12,0.0,0
line_5,13,12.302126456966187,0
line_5,14,6.29821369878139,0
line_5,15,60.11511341698028,0
line_5,16,17.50241569507822,0
line_5,17,31.668033271797864,0
line_5,18,30.7197462969063,0
line_5,19,7.852480992377117,0
line_5,20,41.357105950065936,0
line_5,21,60.099303724457,0
line_5,22,39.33545208965696,0
line_5,23,16.521508758766444,0
line_5,24,23.28809899209456,0
line_5,25,27.470070333870705,0
line_5,26,44.858281427000485,0
line_5,27,33.494505017792896,0
line_5,28,101.08822482558104,1
line_5,29,66.77718789051185,0
line_5,30,51.18551505506207,0
line_5,31,45.86719935471922,0
line_5,32,26.32141730974989,0
line_5,33,26.923906611845066,0
line_5,34,46.70801015861981,0
line_5,35,16.196374687979542,0
line_5,36,39.99646891919128,0
line_5,37,45.72876507047923,0
line_5,38,23.825372453306876,0
line_5,39,27.46800399589338,0
line_5,40,14.0344366740789,0
line_6,0,14.606191296517926,0
line_6,1,6.993639695369683,0
line_6,2,9.166681244990427,0
line_6,3,5.044026174940732,0
line_6,4,16.09993497821977,0
line_6,5,53.62020436856933,0
line_6,7,30.526532107137843,0
line_6,8,3.9558215573860513,0
line_6,9,111.80982957651864,1
line_6,10,11.29983363897265,0
line_6,11,13.115878331815193,0
line_6,12,0.0,0
line_6,13,11.299833641139491,0
line_6,14,6.771978828053163,0
line_6,15,58.39643303359643,0
line_6,16,19.21921047522167,0
line_6,17,37.67245756962708,0
line_6,18,37.74512101757286,0
line_6,19,5.38717947386343,0
line_6,20,54.31105450924775,0
line_6,21,67.8589676548762,0
line_6,22,47.113419740771235,0
line_6,23,14.109684398671368,0
line_6,24,20.30613583192296,0
line_6,25,24.817808084318372,0
line_6,26,46.986349263996445,0
line_6,27,34.81150540659001,0
line_6,28,103.28231727099988,1
line_6,29,56.466787050286804,0
line_6,30,53.870875603033575,0
line_6,31,54.20271696653482,0
line_6,32,20.43810483159216,0
line_6,33,26.922974490200417,0
line_6,34,41.88229351420166,0
line_6,35,17.977846245861024,0
line_6,36,39.99646891919108,0
line_6,37,45.728765070479014,0
line_6,38,23.825372453306617,0
line_6,39,28.265215060425653,0
line_6,40,16.356593792882922,0
line_7,0,7.19843326603847,0
line_7,1,14.964269143542555,0
line_7,2,34.62221788563396,0
line_7,3,12.871577646365829,0
line_7,4,1.686798959855126,0
line_7,5,44.24261082007965,0
line_7,6,37.613709773213905,0
line_7,8,20.447865969319455,0
line_7,9,112.00679509317959,1
line_7,10,11.735828250286342,0
line_7,11,13.621943506050963,0
line_7,12,0.0,0
line_7,13,11.735828253429217,0
line_7,14,5.487046021023992,0
line_7,15,59.926702307788496,0
line_7,16,17.395823779512174,0
line_7,17,30.992643385326694,0
line_7,18,30.066877151015923,0
line_7,19,7.737238988674765,0
line_7,20,40.04343602187438,0
line_7,21,59.401893045593354,0
line_7,22,38.64758116514926,0
line_7,23,16.728632549106365,0
line_7,24,23.52717947899154,0
line_7,25,27.510592379625955,0
line_7,26,42.46229724145412,0
line_7,27,32.12953163113084,0
line_7,28,99.13238578394747,0
line_7,29,66.41690202686026,0
line_7,30,50.8787709903882,0
line_7,31,45.228801760114564,0
line_7,32,26.655165426758387,0
line_7,33,26.924014479584958,0
line_7,34,46.991248071640705,0
line_7,35,15.300131225720492,0
line_7,36,39.99646891919098,0
line_7,37,45.728765070479085,0
line_7,38,23.82537245330683,0
line_7,39,27.060608722915404,0
line_7,40,12.37625683757306,0
line_8,0,10.956833978484896,0
line_8,1,10.955784297809341,0
line_8,2,22.28550072232198,0
line_8,3,8.870723136045942,0
line_8,4,20.279299185802735,0
line_8,5,28.147882069982177,0
line_8,6,23.047461525637743,0
line_8,7,38.35528106762559,0
line_8,9,111.7518111507444,1
line_8,10,10.209598523992518,0
line_8,11,11.85042685848352,0
line_8,12,0.0,0
line_8,13,10.209598524688337,0
line_8,14,3.747462448113639,0
line_8,15,59.3575731282121,0
line_8,16,17.249140513047877,0
line_8,17,29.77080925765031,0
line_8,18,28.91820300978887,0
line_8,19,7.365935564545446,0
line_8,20,37.79197514359419,0
line_8,21,58.13175549160271,0
line_8,22,37.44881204964707,0
line_8,23,17.201912272491494,0
line_8,24,24.027606222550002,0
line_8,25,27.6550508948385,0
line_8,26,35.244668024173706,0
line_8,27,28.066898368473385,0
line_8,28,93.41516636037518,0
line_8,29,64.94402318088848,0
line_8,30,50.23376683692577,0
line_8,31,44.20617118026233,0
line_8,32,26.98914024760403,0
line_8,33,26.924218438925777,0
line_8,34,47.279678609264614,0
line_8,35,12.792533837174865,0
line_8,36,39.99646891919149,0
line_8,37,45.72876507047932,0
line_8,38,23.82537245330669,0
line_8,39,25.84978689396736,0
line_8,40,7.3051303543019115,0
line_9,0,10.034103335853606,0
line_9,1,12.852468230000422,0
line_9,2,27.537942376946283,0
line_9,3,10.770677695177454,0
line_9,4,11.853295205649562,0
line_9,5,34.97702417490737,0
line_9,6,29.170381392468027,0
line_9,7,22.718049595605212,0
line_9,8,7.87321947456215,0
line_9,10,11.013555900271532,0
line_9,11,12.78359166995827,0
line_9,12,0.0,0
line_9,13,11.013555900271584,0
line_9,14,3.973162731336451,0
line_9,15,59.5304737785916,0
line_9,16,17.44531966592397,0
line_9,17,30.901353168914163,0
line_9,18,29.545607810723535,0
line_9,19,7.388117806076616,0
line_9,20,39.0497756643134,0
line_9,21,58.60251692176899,0
line_9,22,37.89660436699832,0
line_9,23,17.030414577447026,0
line_9,24,23.844554031332354,0
line_9,25,27.58517700506107,0
line_9,26,37.90452111028208,0
line_9,27,29.443007416137913,0
line_9,28,95.0409911197347,0
line_9,29,64.41043883680094,0
line_9,30,47.92013103183331,0
line_9,31,46.11417733553217,0
line_9,32,21.625882017403878,0
line_9,33,26.924580013083222,0
line_9,34,42.906232379877515,0
line_9,35,20.723236033820093,0
line_9,36,39.99646891968535,0
line_9,37,45.72876507111453,0
line_9,38,23.825372453686935,0
line_9,39,153.4161771092112,1
line_9,40,108.38920892558963,1
line_10,0,9.230466709759046,0
line_10,1,12.717542124251114,0
line_10,2,27.73604287008832,0
line_10,3,10.625874222622196,0
line_10,4,11.778948574855933,0
line_10,5,34.64108677141094,0
line_10,6,27.434813870518564,0
line_10,7,22.623467391420867,0
line_10,8,7.9727862814189185,0
line_10,9,112.28964169241343,1
line_10,11,20.231427833500206,0
line_10,12,0.0,0
line_10,13,5.476378168682364e-13,0
line_10,14,4.2625139870388935,0
line_10,15,59.377216424281634,0
line_10,16,17.92484063059608,0
line_10,17,33.11841509920655,0
line_10,18,33.604065949570206,0
line_10,19,7.106431858047274,0
line_10,20,47.79400285516848,0
line_10,21,63.25336176048617,0
line_10,22,42.88099766996645,0
line_10,23,16.605540188283914,0
line_10,24,22.94988587587431,0
line_10,25,28.274689655889816,0
line_10,26,34.460663179944575,0
line_10,27,27.943403967510488,0
line_10,28,94.02846154993713,0
line_10,29,63.6337780136905,0
line_10,30,57.38482442840047,0
line_10,31,46.59801800688434,0
line_10,32,33.32382160840735,0
line_10,33,26.923027035735853,0
line_10,34,52.641008497796236,0
line_10,35,13.080767660841348,0
line_10,36,39.99646891919099,0
line_10,37,45.72876507047923,0
line_10,38,23.825372453306983,0
line_10,39,26.06895798097531,0
line_10,40,9.60073974452733,0
line_11,0,9.239579696274662,0
line_11,1,12.595088971484058,0
line_11,2,27.37438055071762,0
line_11,3,10.506278555761885,0
line_11,4,11.75017987010781,0
line_11,5,34.51669741476532,0
line_11,6,28.14447941182852,0
line_11,7,22.55264180071376,0
line_11,8,7.984452550176403,0
line_11,9,112.02998765310035,1
line_11,10,13.543646035859295,0
line_11,12,0.0,0
line_11,13,13.543646037579895,0
line_11,14,3.7699266286765063,0
line_11,15,59.47018980224457,0
line_11,16,17.567882568764322,0
line_11,17,31.464149467604745,0
line_11,18,31.16913109059352,0
line_11,19,7.290234749148368,0
line_11,20,42.63061528917576,0
line_11,21,60.57064538156863,0
line_11,22,40.02438426300478,0
line_11,23,16.837348671151275,0
line_11,24,23.46083332328237,0
line_11,25,27.872196666963628,0
line_11,26,35.83277936604465,0
line_11,27,28.53222227660373,0
line_11,28,94.41365132795653,0
line_11,29,64.59772296815142,0
line_11,30,53.339552757503895,0
line_11,31,45.45650830697819,0
line_11,32,29.58799296619076,0
line_11,33,26.923614564601074,0
line_11,34,49.447569750801314,0
line_11,35,13.409168146594183,0
line_11,36,39.99646891919088,0
line_11,37,45.72876507047929,0
line_11,38,23.825372453307068,0
line_11,39,26.19748299365093,0
line_11,40,9.269179983900447,0
line_13,0,9.230466709759169,0
line_13,1,12.71754212425118,0
line_13,2,27.736042870088433,0
line_13,3,10.625874222622219,0
line_13,4,11.778948574855901,0
line_13,5,34.64108677141099,0
line_13,6,27.434813870518454,0
line_13,7,22.62346739142084,0
line_13,8,7.97278628141883,0
line_13,9,112.2896416924132,1
line_13,10,0.0,0
line_13,11,20.23142783350071,0
line_13,12,0.0,0
line_13,14,4.262513987038854,0
line_13,15,59.377216424281755,0
line_13,16,17.924840630596005,0
line_13,17,33.11841509920662,0
line_13,18,33.604065949570554,0
line_13,19,7.106431858046891,0
line_13,20,47.79400285516934,0
line_13,21,63.25336176048686,0
line_13,22,42.88099766996728,0
line_13,23,16.605540188284394,0
line_13,24,22.949885875874514,0
line_13,25,28.274689655890295,0
line_13,26,34.46066317994163,0
line_13,27,27.943403967509823,0
line_13,28,94.02846154993817,0
line_13,29,63.63377801368938,0
line_13,30,57.384824428400826,0
line_13,31,46.598018006884544,0
line_13,32,33.323821608407584,0
line_13,33,26.923027035735586,0
line_13,34,52.64100849779653,0
line_13,35,13.080767660841177,0
line_13,36,39.99646891919129,0
line_13,37,45.72876507047936,0
line_13,38,23.825372453306922,0
line_13,39,26.06895798097519,0
line_13,40,9.60073974452679,0
line_14,0,9.206976891223253,0
line_14,1,12.688032135189301,0
line_14,2,27.694388419373755,0
line_14,3,10.594964151149732,0
line_14,4,11.716688382351029,0
line_14,5,34.370367349589486,0
line_14,6,26.68151595399889,0
line_14,7,22.48987998905905,0
line_14,8,8.015307253564863,0
line_14,9,111.71699193464082,1
line_14,10,9.589032257646817,0
line_14,11,11.130126728126498,0
line_14,12,0.0,0
line_14,13,9.58903225890116,0
line_14,15,58.89894790149137,0
line_14,16,17.905895138163082,0
line_14,17,32.29399847711116,0
line_14,18,31.770226376183707,0
line_14,19,6.354365347072277,0
line_14,20,42.99774275613808,0
line_14,21,61.279311388221004,0
line_14,22,40.58475309884119,0
line_14,23,16.111931126029567,0
line_14,24,22.776007395973277,0
line_14,25,26.368416098731966,0
line_14,26,37.9508548828967,0
line_14,27,29.626518352021513,0
line_14,28,95.71261000744656,0
line_14,29,61.64048036186169,0
line_14,30,51.347717741649426,0
line_14,31,47.39819263534007,0
line_14,32,24.780045901716793,0
line_14,33,26.92376444972993,0
line_14,34,45.42528764784886,0
line_14,35,14.077336001835029,0
line_14,36,39.996468919191074,0
line_14,37,45.728765070479085,0
line_14,38,23.825372453306766,0
line_14,39,26.456806633092846,0
line_14,40,9.51723649157456,0
line_16,0,9.348531276992182,0
line_16,1,12.489228667683511,0
line_16,2,26.976691926542156,0
line_16,3,10.405641276101106,0
line_16,4,11.730391706132858,0
line_16,5,34.43795814318849,0
line_16,6,29.150902534030987,0
line_16,7,22.493109148686212,0
line_16,8,7.989659105513002,0
line_16,9,111.91510213083598,1
line_16,10,10.963287832882349,0
line_16,11,12.72524480651268,0
line_16,12,0.0,0
line_16,13,10.963287834106081,0
line_16,14,4.926753144028165,0
line_16,15,59.28577373926587,0
line_16,17,44.059411603133036,0
line_16,18,30.949228472918932,0
line_16,19,41.672036738601896,0
line_16,20,41.7522412593753,0
line_16,21,55.02179908353345,0
line_16,22,34.36569700300567,0
line_16,23,18.544355205408017,0
line_16,24,25.49249870586157,0
line_16,25,27.184106952698393,0
line_16,26,37.86877890967617,0
line_16,27,29.44456248416029,0
line_16,28,95.10012756005595,0
line_16,29,71.28038687164782,0
line_16,30,48.597272292092356,0
line_16,31,41.38981478853505,0
line_16,32,28.1142080622121,0
line_16,33,26.924785581307177,0
line_16,34,48.25015474056838,0
line_16,35,13.407291162695667,0
line_16,36,39.996468919191166,0
line_16,37,45.72876507047936,0
line_16,38,23.825372453306926,0
line_16,39,26.179612050429174,0
line_16,40,8.904803127740275,0
line_17,0,9.451001464170004,0
line_17,1,12.398484922865853,0
line_17,2,26.685144966457198,0
line_17,3,10.315299208713665,0
line_17,4,11.79225427097872,0
line_17,5,34.71185676194608,0
line_17,6,31.01402383239283,0
line_17,7,22.601537386293405,0
line_17,8,7.929247003015603,0
line_17,9,112.19785833696633,1
line_17,10,12.306363200319606,0
line_17,11,14.284171572344146,0
line_17,12,0.0,0
line_17,13,12.306363201683661,0
line_17,14,7.669704083678027,0
line_17,15,59.11769458827315,0
line_17,16,31.996684062416804,0
line_17,18,36.44108678406599,0
line_17,19,30.071659212987623,0
line_17,20,53.228303042239965,0
line_17,21,43.25830951453291,0
line_17,22,22.137105106838657,0
line_17,23,22.624291320905023,0
line_17,24,29.961849427691522,0
line_17,25,28.013085971074545,0
line_17,26,38.2518000441557,0
line_17,27,29.3349227343474,0
line_17,28,94.08841181756546,0
line_17,29,82.74058570492727,0
line_17,30,42.97051304727659,0
line_17,31,31.867415867537787,0
line_17,32,32.385041957147855,0
line_17,33,26.927193007725215,0
line_17,34,51.999523392044146,0
line_17,35,12.791617435764907,0
line_17,36,39.99646891919103,0
line_17,37,45.72876507047911,0
line_17,38,23.82537245330688,0
line_17,39,25.931630230736545,0
line_17,40,8.805429509293985,0
line_18,0,9.571682717264729,0
line_18,1,12.33995675395835,0
line_18,2,26.499999684597856,0
line_18,3,10.254717142188992,0
line_18,4,11.886610559235555,0
line_18,5,35.12414961030576,0
line_18,6,33.02709829596597,0
line_18,7,22.777244587578256,0
line_18,8,7.8410224358684975,0
line_18,9,111.95907388138826,1
line_18,10,14.692034995638476,0
line_18,11,17.053254906300385,0
line_18,12,0.0,0
line_18,13,14.692034997263043,0
line_18,14,10.734493685400729,0
line_18,15,59.12425242471328,0
line_18,16,19.922936076888604,0
line_18,17,42.12352408941041,0
line_18,19,7.9033508918103,0
line_18,20,25.440593342928498,0
line_18,21,73.98690254630769,0
line_18,22,53.890224335774036,0
line_18,23,15.904801501897566,0
line_18,24,20.911352180719895,0
line_18,25,47.056909690592896,0
line_18,26,39.91518651161786,0
line_18,27,31.180854210960273,0
line_18,28,99.12322743796402,0
line_18,29,58.279230177956265,0
line_18,30,63.30362410904251,0
line_18,31,57.018784919672925,0
line_18,32,28.771338354132155,0
line_18,33,26.921217669326463,0
line_18,34,48.64719515610904,0
line_18,35,13.435347670461404,0
line_18,36,39.996468919191265,0
line_18,37,45.72876507047909,0
line_18,38,23.825372453306677,0
line_18,39,26.199808611096287,0
line_18,40,9.089839758837059,0
line_19,0,9.243170750777626,0
line_19,1,12.49767263761137,0
line_19,2,27.077238020792976,0
line_19,3,10.412139845509042,0
line_19,4,11.707718874765972,0
line_19,5,34.33654164406094,0
line_19,6,28.494614639124073,0
line_19,7,22.456006695990105,0
line_19,8,8.01317613592375,0
line_19,9,111.82113196008633,1
line_19,10,10.542107337359317,0
line_19,11,12.236374588406267,0
line_19,12,0.0,0
line_19,13,10.542107338361035,0
line_19,14,3.9106897239667417,0
line_19,15,59.657369104976134,0
line_19,16,20.563184651142155,0
line_19,17,28.244267832493186,0
line_19,18,29.111138833682602,0
line_19,20,38.27155151361996,0
line_19,21,59.16712456718302,0
line_19,22,38.41895823512667,0
line_19,23,16.670946598673037,0
line_19,24,23.48044412858056,0
line_19,25,27.80810174621861,0
line_19,26,37.68403569392799,0
line_19,27,29.447669926724267,0
line_19,28,95.3851678867467,0
line_19,29,63.91675524555567,0
line_19,30,50.75731051499041,0
line_19,31,45.09508381783222,0
line_19,32,26.64958130565958,0
line_19,33,26.924047318398074,0
line_19,34,46.988087224539804,0
line_19,35,13.648058110023351,0
line_19,36,39.99646891919087,0
line_19,37,45.72876507047914,0
line_19,38,23.825372453307004,0
line_19,39,26.275364869034075,0
line_19,40,9.046146433899198,0
line_20,0,9.411643696624502,0
line_20,1,12.384737654450689,0
line_20,2,26.709767213502705,0
line_20,3,10.29852245287609,0
line_20,4,11.810567980215458,0
line_20,5,34.789911092513805,0
line_20,6,31.23438463306904,0
line_20,7,22.639256813734768,0
line_20,8,7.91345290246543,0
line_20,9,111.90461424688604,1
line_20,10,13.280157365605442,0
line_20,11,15.414468371314054,0
line_20,12,0.0,0
line_20,13,13.280157366913029,0
line_20,14,7.943408964089745,0
line_20,15,59.68710238576678,0
line_20,16,18.79362798646661,0
line_20,17,37.62886205583914,0
line_20,18,12.574432065315966,0
line_20,19,7.824704406191425,0
line_20,21,67.71782997595848,0
line_20,22,47.579234914841564,0
line_20,23,16.514710145649207,0
line_20,24,22.324132711296993,0
line_20,25,34.24201931386046,0
line_20,26,36.27294968171835,0
line_20,27,28.968695130029904,0
line_20,28,95.51687465017883,0
line_20,29,62.16056563317134,0
line_20,30,57.88819223271121,0
line_20,31,51.89303858406288,0
line_20,32,27.957662398488818,0
line_20,33,26.92235264263026,0
line_20,34,48.00918825786589,0
line_20,35,13.50016454819018,0
line_20,36,39.996468919191216,0
line_20,37,45.72876507047913,0
line_20,38,23.82537245330676,0
line_20,39,26.221264456939604,0
line_20,40,9.034465296068765,0
line_21,0,9.559282600435298,0
line_21,1,12.448813141077657,0
line_21,2,26.79862751124407,0
line_21,3,10.362675631760073,0
line_21,4,11.86265728373035,0
line_21,5,35.01578968388387,0
line_21,6,31.682332688886895,0
line_21,7,22.739766280059666,0
line_21,8,7.866269906382868,0
line_21,9,111.8071828482792,1
line_21,10,13.509948476562528,0
line_21,11,15.681190196590034,0
line_21,12,0.0,0
line_21,13,13.509948478015238,0
line_21,14,8.335573008174734,0
line_21,15,59.309162902992504,0
line_21,16,13.359481139400273,0
line_21,17,14.76515304037652,0
line_21,18,39.50451987113439,0
line_21,19,14.200714825049223,0
line_21,20,59.28206174464206,0
line_21,22,21.95048793780699,0
line_21,23,44.15688565727597,0
line_21,24,51.693257131417106,0
line_21,25,28.44045513206883,0
line_21,26,42.16097987174096,0
line_21,27,32.545717831039475,0
line_21,28,101.364815639382,1
line_21,29,47.10727722092525,0
line_21,30,66.80782541193435,0
line_21,31,62.99419685646963,0
line_21,32,26.383760147703526,0
line_21,33,26.920349938309478,0
line_21,34,46.595795157791656,0
line_21,35,13.826787203690735,0
line_21,36,39.99646891919119,0
line_21,37,45.7287650704793,0
line_21,38,23.825372453306986,0
line_21,39,26.35684000894511,0
line_21,40,9.320934015719471,0
line_22,0,9.398239630600377,0
line_22,1,12.436903366438866,0
line_22,2,26.846810544694215,0
line_22,3,10.350980895226112,0
line_22,4,11.795821843711497,0
line_22,5,34.72326720028682,0
line_22,6,30.539372620427674,0
line_22,7,22.616260031857855,0
line_22,8,7.9291175912685405,0
line_22,9,111.80760972713885,1
line_22,10,12.469984044390193,0
line_22,11,14.474088623453104,0
line_22,12,0.0,0
line_22,13,12.469984045642974,0
line_22,14,6.749689201985791,0
line_22,15,59.460378751051756,0
line_22,16,14.803773114110369,0
line_22,17,19.880799373582537,0
line_22,18,35.87023279785282,0
line_22,19,11.430054075052594,0
line_22,20,52.09903597489891,0
line_22,21,21.265978795932526,0
line_22,23,32.91713149348776,0
line_22,24,40.40064729712275,0
line_22,25,28.043829894083316,0
line_22,26,39.40864308021791,0
line_22,27,30.808627596337097,0
line_22,28,98.35406379713086,0
line_22,29,54.54645141839322,0
line_22,30,60.64053241936105,0
line_22,31,56.280108853533605,0
line_22,32,26.439782221295427,0
line_22,33,26.921628319439712,0
line_22,34,46.70177304632312,0
line_22,35,13.75156725943349,0
line_22,36,39.996468919191045,0
line_22,37,45.72876507047926,0
line_22,38,23.825372453306862,0
line_22,39,26.32149312219833,0
line_22,40,9.189766468444867,0
line_23,0,9.24203834849172,0
line_23,1,12.565471686826879,0
line_23,2,27.24212435911562,0
line_23,3,10.480757631746421,0
line_23,4,11.657054779247431,0
line_23,5,34.11665792431838,0
line_23,6,27.241274894975863,0
line_23,7,22.35823979330292,0
line_23,8,8.058899233217165,0
line_23,9,111.84374058810957,1
line_23,10,10.056533335855942,0
line_23,11,11.672761908096739,0
line_23,12,0.0,0
line_23,13,10.056533336874764,0
line_23,14,2.264671550940657,0
line_23,15,60.15421982098581,0
line_23,16,19.414312654210644,0
line_23,17,36.67328658077603,0
line_23,18,25.032765466062912,0
line_23,19,3.2866589608788077,0
line_23,20,31.22010587721459,0
line_23,21,89.03813500518933,0
line_23,22,67.20495995255935,0
line_23,24,7.340364378124012,0
line_23,25,30.01612246644967,0
line_23,26,31.54110550985361,0
line_23,27,25.70059213421058,0
line_23,28,89.40237721440606,0
line_23,29,79.58023794142733,0
line_23,30,44.551324154033054,0
line_23,31,37.52023712504592,0
line_23,32,27.058781369157963,0
line_23,33,26.92597957144543,0
line_23,34,47.41770050832295,0
line_23,35,13.497125130270614,0
line_23,36,39.99646891919108,0
line_23,37,45.72876507047926,0
line_23,38,23.825372453306905,0
line_23,39,26.20867028360615,0
line_23,40,8.846374856576793,0
line_24,0,9.278081355507178,0
line_24,1,12.632462839896371,0
line_24,2,27.390894956751787,0
line_24,3,10.548187284701749,0
line_24,4,11.638803771325913,0
line_24,5,34.03702315667845,0
line_24,6,26.50219499023147,0
line_24,7,22.323990596339417,0
line_24,8,8.075834845180454,0
line_24,9,111.86073555125185,1
line_24,10,9.632449134408002,0
line_24,11,11.180521317098009,0
line_24,12,0.0,0
line_24,13,9.632449135345784,0
line_24,14,1.9857082180029122,0
line_24,15,60.34651274336266,0
line_24,16,20.53091060861239,0
line_24,17,40.85617631087198,0
line_24,18,22.510785862473252,0
line_24,19,2.540344080148791,0
line_24,20,26.517217307676695,0
line_24,21,105.40928517030169,1
line_24,22,83.41862401067081,0
line_24,23,7.775500062346801,0
line_24,25,30.995800841144717,0
line_24,26,30.114813142155167,0
line_24,27,24.699702397607133,0
line_24,28,87.55235147721963,0
line_24,29,85.64725333169842,0
line_24,30,41.61304657941387,0
line_24,31,33.76535484566706,0
line_24,32,27.312611778674466,0
line_24,33,26.92711246001699,0
line_24,34,47.68095986214635,0
line_24,35,13.431992280406128,0
line_24,36,39.99646891919098,0
line_24,37,45.72876507047926,0
line_24,38,23.82537245330696,0
line_24,39,26.18129744022349,0
line_24,40,8.782459643775017,0
line_25,0,9.24026696067139,0
line_25,1,12.636466118813747,0
line_25,2,27.48747926666545,0
line_25,3,10.547164327520639,0
line_25,4,11.663629889837338,0
line_25,5,34.14367414083299,0
line_25,6,26.60660001622588,0
line_25,7,22.374335579592803,0
line_25,8,8.054542692600549,0
line_25,9,111.79085821990398,1
line_25,10,10.543438156421606,0
line_25,11,12.237919289147852,0
line_25,12,0.0,0
line_25,13,10.543438157534286,0
line_25,14,0.46487980951721264,0
line_25,15,62.00661916112771,0
line_25,16,15.770118129451813,0
line_25,17,26.238179478478056,0
line_25,18,48.83425506198824,0
line_25,19,11.082241911228268,0
line_25,20,71.90335289264698,0
line_25,21,51.16235044545022,0
line_25,22,31.018341691811752,0
line_25,23,20.861388597049917,0
line_25,24,27.79944387217818,0
line_25,26,25.994620082707826,0
line_25,27,22.721527297584977,0
line_25,28,85.50797655076754,0
line_25,29,74.61082981031818,0
line_25,30,45.320134551025276,0
line_25,31,39.13531281685849,0
line_25,32,26.183230993779173,0
line_25,33,26.925643640645614,0
line_25,34,46.67279026423837,0
line_25,35,13.66812274264576,0
line_25,36,39.996468919191116,0
line_25,37,45.72876507047909,0
line_25,38,23.825372453306766,0
line_25,39,26.278699342651336,0
line_25,40,8.99481917786889,0
line_26,0,9.298505188904556,0
line_26,1,12.70129301939454,0
line_26,2,27.752904882774025,0
line_26,3,10.604368880150936,0
line_26,4,11.90252807367419,0
line_26,5,35.182427892404625,0
line_26,6,29.160034190022564,0
line_26,7,22.86304397409161,0
line_26,8,7.868891977991606,0
line_26,9,111.92226318927412,1
line_26,10,8.984570541227066,0
line_26,11,10.428519378678839,0
line_26,12,0.0,0
line_26,13,8.984570542401523,0
line_26,14,3.627775433144932,0
line_26,15,60.26304242809422,0
line_26,16,17.387217452276627,0
line_26,17,30.337664802557672,0
line_26,18,30.631488115402263,0
line_26,19,7.348455323392317,0
line_26,20,38.434192534880864,0
line_26,21,61.36054442578425,0
line_26,22,39.965855713356966,0
line_26,23,14.22258299094741,0
line_26,24,21.39223288651899,0
line_26,25,23.078409221376774,0
line_26,27,48.11523957294852,0
line_26,28,65.18993751707328,0
line_26,29,70.0901002357428,0
line_26,30,49.52450933172603,0
line_26,31,43.19887780609951,0
line_26,32,27.220032703442122,0
line_26,33,26.924437423140624,0
line_26,34,47.482950081693104,0
line_26,35,14.125925158689887,0
line_26,36,39.99646891919093,0
line_26,37,45.72876507047906,0
line_26,38,23.82537245330688,0
line_26,39,26.514955936167254,0
line_26,40,10.167116454927912,0
line_27,0,9.286949789105975,0
line_27,1,12.615733680825732,0
line_27,2,27.462265851059005,0
line_27,3,10.523086179174758,0
line_27,4,11.824270970787378,0
line_27,5,34.83943856357828,0
line_27,6,28.942563863397275,0
line_27,7,22.69917778115558,0
line_27,8,7.922614991897493,0
line_27,9,111.85139393491903,1
line_27,10,9.60019186366021,0
line_27,11,11.143079842273023,0
line_27,12,0.0,0
line_27,13,9.600191864974217,0
line_27,14,3.8412773174483266,0
line_27,15,59.96540664818,0
line_27,16,17.317737925995118,0
line_27,17,30.10615945336701,0
line_27,18,30.19090297261608,0
line_27,19,7.422357466029538,0
line_27,20,38.597191730203264,0
line_27,21,60.45995961676675,0
line_27,22,39.304593884851165,0
line_27,23,15.266128940083105,0
line_27,24,22.268685931013955,0
line_27,25,24.913450487091474,0
line_27,26,55.53094513496213,0
line_27,28,114.32347616906596,1
line_27,29,68.58202648068139,0
line_27,30,48.90471999765057,0
line_27,31,43.07731821073583,0
line_27,32,26.51998054530123,0
line_27,33,26.92455992018366,0
line_27,34,46.90340896480647,0
line_27,35,13.993957793617273,0
line_27,36,39.99646891919136,0
line_27,37,45.72876507047926,0
line_27,38,23.825372453306866,0
line_27,39,26.44311341356834,0
line_27,40,9.737963046440825,0
line_28,0,9.639267860851035,0
line_28,1,13.172688347234207,0
line_28,2,29.094709979497463,0
line_28,3,11.065603819968638,0
line_28,4,12.285969569359075,0
line_28,5,36.897452681228735,0
line_28,6,30.61216827131571,0
line_28,7,23.63927641460818,0
line_28,8,7.628881510592632,0
line_28,9,111.6260269671625,1
line_28,10,10.75394744718738,0
line_28,11,12.482260429461043,0
line_28,12,0.0,0
line_28,13,10.753947446409656,0
line_28,14,3.0263961385169105,0
line_28,15,61.613687722024615,0
line_28,16,17.019352000670448,0
line_28,17,28.040166896408763,0
line_28,18,35.781973159692356,0
line_28,19,7.6149488990943714,0
line_28,20,46.68117262054697,0
line_28,21,70.45534120511732,0
line_28,22,48.710903141785,0
line_28,23,9.15499536380478,0
line_28,24,16.629831881743065,0
line_28,25,16.169810526084046,0
line_28,26,68.68769877397601,0
line_28,27,85.07873041435676,0
line_28,29,83.34956048333002,0
line_28,30,37.71362078596578,0
line_28,31,32.85089958470921,0
line_28,32,20.821273174023876,0
line_28,33,26.928530485771933,0
line_28,34,42.462391124159296,0
line_28,35,15.962773287658793,0
line_28,36,39.996468919191294,0
line_28,37,45.72876507047934,0
line_28,38,23.8253724533069,0
line_28,39,27.325096163914576,0
line_28,40,12.587937355296628,0
line_29,0,9.324422503341447,0
line_29,1,12.845713817344217,0
line_29,2,28.02460176014254,0
line_29,3,10.753617811101877,0
line_29,4,11.715132782149157,0
line_29,5,34.36256747559791,0
line_29,6,25.573170036495974,0
line_29,7,22.493169574345035,0
line_29,8,8.021545107588715,0
line_29,9,110.95979674176452,1
line_29,10,9.431088985112082,0
line_29,11,10.946799715310156,0
line_29,12,0.0,0
line_29,13,9.43108898623392,0
line_29,14,2.9993558212669855,0
line_29,15,61.45846658470209,0
line_29,16,22.193732675082668,0
line_29,17,46.14163459391061,0
line_29,18,21.373663465971216,0
line_29,19,3.117320203476219,0
line_29,20,23.175192891308683,0
line_29,21,40.823203333816174,0
line_29,22,20.78669699298904,0
line_29,23,25.2518037286796,0
line_29,24,32.50694707301049,0
line_29,25,30.67721122736671,0
line_29,26,41.99879234832528,0
line_29,27,33.1342714300812,0
line_29,28,104.13028964158984,1
line_29,30,91.7768121433998,0
line_29,31,102.15969570498163,1
line_29,32,13.07447653615801,0
line_29,33,26.916779721613104,0
line_29,34,35.97624208187453,0
line_29,35,16.056379088840632,0
line_29,36,39.996468919191145,0
line_29,37,45.72876507047911,0
line_29,38,23.825372453306766,0
line_29,39,27.187729711758895,0
line_29,40,11.578439238322446,0
line_30,0,9.241851725647251,0
line_30,1,12.470810379825055,0
line_30,2,27.00680578302424,0
line_30,3,10.385423126751688,0
line_30,4,11.714348207232149,0
line_30,5,34.36602413754603,0
line_30,6,28.818510664181673,0
line_30,7,22.467168451670688,0
line_30,8,8.006415044627934,0
line_30,9,111.47459560001363,1
line_30,10,11.54204247219818,0
line_30,11,13.39701358423576,0
line_30,12,0.0,0
line_30,13,11.542042473285926,0
line_30,14,4.380536933524361,0
line_30,15,59.58544119653929,0
line_30,16,16.866123079698355,0
line_30,17,28.017669091134923,0
line_30,18,31.097570094386857,0
line_30,19,7.842439283347627,0
line_30,20,42.48086617600172,0
line_30,21,61.897412447877464,0
line_30,22,41.40102590075551,0
line_30,23,16.626979576932158,0
line_30,24,23.13753901900911,0
line_30,25,27.89014602196594,0
line_30,26,38.4601561666966,0
line_30,27,29.32460397853801,0
line_30,28,93.7339259070666,0
line_30,29,71.05684755147702,0
line_30,31,51.60186946191179,0
line_30,32,20.495576566387346,0
line_30,33,27.057352202112423,0
line_30,34,47.02522647456077,0
line_30,35,14.483583572646758,0
line_30,36,39.996468919191216,0
line_30,37,45.72876507047932,0
line_30,38,23.825372453306855,0
line_30,39,26.59011181251025,0
line_30,40,9.657523787145758,0
line_31,0,9.523499425960622,0
line_31,1,12.460380059678783,0
line_31,2,26.854104623247693,0
line_31,3,10.373697929093062,0
line_31,4,11.831738485283537,0
line_31,5,34.88211798566267,0
line_31,6,31.09293803292855,0
line_31,7,22.679267972546565,0
line_31,8,7.893903921288922,0
line_31,9,112.61161902770915,1
line_31,10,11.843950174721977,0
line_31,11,13.747442167619429,0
line_31,12,0.0,0
line_31,13,11.84395017605299,0
line_31,14,7.465469952052761,0
line_31,15,59.94572057363688,0
line_31,16,14.912725599662604,0
line_31,17,17.99854358905359,0
line_31,18,35.74021091736941,0
line_31,19,11.336254722997788,0
line_31,20,52.54832182426888,0
line_31,21,72.70898852841795,0
line_31,22,52.78653872096603,0
line_31,23,16.71910631168894,0
line_31,24,21.82412995707074,0
line_31,25,29.401675562342884,0
line_31,26,41.94441076962196,0
line_31,27,30.397809096642696,0
line_31,28,92.68829046937638,0
line_31,29,101.18466488288527,1
line_31,30,55.29026940956355,0
line_31,32,36.09046874218457,0
line_31,33,27.00360891233243,0
line_31,34,58.000550531970006,0
line_31,35,12.067090928230616,0
line_31,36,39.99646891919103,0
line_31,37,45.72876507047925,0
line_31,38,23.825372453306887,0
line_31,39,25.61510239392281,0
line_31,40,9.284636478684547,0
line_32,0,9.135471000386756,0
line_32,1,12.517036018953947,0
line_32,2,27.16782350474951,0
line_32,3,10.432656337750524,0
line_32,4,11.653103334424172,0
line_32,5,34.0967264495377,0
line_32,6,27.40293725674376,0
line_32,7,22.357046707138373,0
line_32,8,8.065534291959764,0
line_32,9,110.08201067374526,1
line_32,10,12.83332785390191,0
line_32,11,14.89582697372219,0
line_32,12,0.0,0
line_32,13,12.833327855011692,0
line_32,14,3.4976866271328433,0
line_32,15,59.380224306269135,0
line_32,16,17.98591224042491,0
line_32,17,33.44986472122576,0
line_32,18,29.912404709703083,0
line_32,19,7.136461352012069,0
line_32,20,39.8462035796214,0
line_32,21,58.055796447259226,0
line_32,22,37.3504491567195,0
line_32,23,17.183053790063017,0
line_32,24,24.023306754731497,0
line_32,25,27.58935121858257,0
line_32,26,37.63928550236895,0
line_32,27,28.73383511801325,0
line_32,28,92.58691050972197,0
line_32,29,60.3770658253034,0
line_32,30,40.16482253733721,0
line_32,31,52.542490576850284,0
line_32,33,26.901185460366893,0
line_32,34,26.90118546024946,0
line_32,35,18.311436402530425,0
line_32,36,39.99646891919147,0
line_32,37,45.72876507047936,0
line_32,38,23.8253724533068,0
line_32,39,27.91135261296335,0
line_32,40,14.807283023041762,0
line_34,0,9.1267102866251,0
line_34,1,12.58690050908636,0
line_34,2,27.342408294990587,0
line_34,3,10.503364044253736,0
line_34,4,11.622933597385062,0
line_34,5,33.963794663366414,0
line_34,6,26.423024117176407,0
line_34,7,22.303716457177316,0
line_34,8,8.095207755018828,0
line_34,9,108.5554470239341,1
line_34,10,15.065106857354712,0
line_34,11,17.48628474578189,0
line_34,12,0.0,0
line_34,13,15.06510685895274,0
line_34,14,4.074151967663665,0
line_34,15,59.2403561594681,0
line_34,16,18.608043263616086,0
line_34,17,36.36086017362462,0
line_34,18,30.514383464962723,0
line_34,19,7.180021225481395,0
line_34,20,41.137623059471764,0
line_34,21,57.69338712421374,0
line_34,22,36.99786306668674,0
line_34,23,17.302665250128946,0
line_34,24,24.155014361576818,0
line_34,25,27.611494425772403,0
line_34,26,38.34238269887862,0
line_34,27,28.39653224298702,0
line_34,28,90.16874302309155,0
line_34,29,56.76281373255495,0
line_34,30,50.917558606454335,0
line_34,31,60.773473440585356,0
line_34,32,27.57490266542277,0
line_34,33,27.574902672388063,0
line_34,35,23.17051334733143,0
line_34,36,39.996468919191074,0
line_34,37,45.72876507047925,0
line_34,38,23.8253724533069,0
line_34,39,29.49872515003169,0
line_34,40,22.779161738080855,0
line_35,0,9.677809995607095,0
line_35,1,12.796462494632927,0
line_35,2,27.88696612362105,0
line_35,3,10.696216199267443,0
line_35,4,12.128520153675488,0
line_35,5,36.173935829021744,0
line_35,6,32.0541843103883,0
line_35,7,23.29627432912761,0
line_35,8,7.677367184986821,0
line_35,9,117.96447067353786,1
line_35,10,8.46913680295422,0
line_35,11,9.830248075194058,0
line_35,12,0.0,0
line_35,13,8.469136803796903,0
line_35,14,6.933996274444711,0
line_35,15,60.02016194818308,0
line_35,16,16.307978945396766,0
line_35,17,25.56152184215494,0
line_35,18,28.615232644461198,0
line_35,19,8.73233076651609,0
line_35,20,37.01429061300143,0
line_35,21,59.56149579498333,0
line_35,22,38.8172012219587,0
line_35,23,16.712008305577033,0
line_35,24,23.496801731863183,0
line_35,25,27.6079648341158,0
line_35,26,41.41603520807062,0
line_35,27,32.324811303797496,0
line_35,28,101.59620377992402,1
line_35,29,74.76533259474955,0
line_35,30,74.97540603437115,0
line_35,31,34.05630261853004,0
line_35,32,69.55552357161461,0
line_35,33,26.929494354012323,0
line_35,34,86.14084118680465,0
line_35,36,39.996468919191216,0
line_35,37,45.728765070479085,0
line_35,38,23.825372453306723,0
line_35,39,20.75135517041537,0
line_35,40,16.62127597032113,0
line_36,0,9.445428189010634,0
line_36,1,12.576562679939258,0
line_36,2,27.15771382563878,0
line_36,3,10.492527746144042,0
line_36,4,11.741502264130679,0
line_36,5,34.48590154053146,0
line_36,6,28.737414045211366,0
line_36,7,22.515073445540537,0
line_36,8,7.979833971192243,0
line_36,9,111.9487942141349,1
line_36,10,10.641782617803958,0
line_36,11,12.352069110544857,0
line_36,12,0.0,0
line_36,13,10.641782619291526,0
line_36,14,4.087558588872914,0
line_36,15,59.539922590753804,0
line_36,16,17.333406679300523,0
line_36,17,30.350730411964577,0
line_36,18,29.410853847252344,0
line_36,19,7.453228182560995,0
line_36,20,38.76889921971849,0
line_36,21,58.636658800188066,0
line_36,22,37.93241336306185,0
line_36,23,17.02451069922127,0
line_36,24,23.836118518621987,0
line_36,25,27.593093091946745,0
line_36,26,37.73595516309496,0
line_36,27,29.44558228227828,0
line_36,28,95.30029821483986,0
line_36,29,65.2024018948453,0
line_36,30,50.069315177625526,0
line_36,31,44.86587654448238,0
line_36,32,25.999484211663276,0
line_36,33,26.924190323345222,0
line_36,34,46.45332074181264,0
line_36,35,13.357749563318249,0
line_36,37,89.10975604541518,0
line_36,38,17.34101893585368,0
line_36,39,26.16205992504875,0
line_36,40,8.923551394406172,0
line_37,0,9.511295073173105,0
line_37,1,12.605741802209508,0
line_37,2,27.19482444256474,0
line_37,3,10.522045856849505,0
line_37,4,11.752876325242198,0
line_37,5,34.53605970198022,0
line_37,6,28.787373669747335,0
line_37,7,22.535302629737707,0
line_37,8,7.968792868102587,0
line_37,9,111.98761115328473,1
line_37,10,10.662732649893057,0
line_37,11,12.37638611218799,0
line_37,12,0.0,0
line_37,13,10.662732651659184,0
line_37,14,4.0776169356491305,0
line_37,15,59.539110316314236,0
line_37,16,17.340812515716845,0
line_37,17,30.38696747450845,0
line_37,18,29.421878710470935,0
line_37,19,7.448342169708018,0
line_37,20,38.791868091995674,0
line_37,21,58.6373939210427,0
line_37,22,37.93320078915877,0
line_37,23,17.024318142550126,0
line_37,24,23.835864099226818,0
line_37,25,27.59238882721457,0
line_37,26,37.7447663915234,0
line_37,27,29.4446678059125,0
line_37,28,95.2836298807579,0
line_37,29,65.15061911525024,0
line_37,30,49.93586627756766,0
line_37,31,44.94502680816169,0
line_37,32,25.72854871160091,0
line_37,33,26.924208902177725,0
line_37,34,46.229382999955625,0
line_37,35,13.2748552426058,0
line_37,36,90.293375604628,0
line_37,38,73.59919225105462,0
line_37,39,26.12946402993112,0
line_37,40,8.903671425701857,0
line_38,0,9.315128271823449,0
line_38,1,12.518895842573796,0
line_38,2,27.08435214770742,0
line_38,3,10.434196801655107,0
line_38,4,11.719013560946122,0
line_38,5,34.386755543843165,0
line_38,6,28.638684142789366,0
line_38,7,22.475083140610643,0
line_38,8,8.0016947927879,0
line_38,9,111.8720715460902,1
line_38,10,10.600353262654634,0
line_38,11,12.303981466025201,0
line_38,12,0.0,0
line_38,13,10.60035326376661,0
line_38,14,4.1077352721434055,0
line_38,15,59.5415350420584,0
line_38,16,17.31876114681425,0
line_38,17,30.27905024583838,0
line_38,18,29.389043284584186,0
line_38,19,7.463039854156657,0
line_38,20,38.72345793759312,0
line_38,21,58.63520498742763,0
line_38,22,37.93085556860255,0
line_38,23,17.024891393292013,0
line_38,24,23.836621807762278,0
line_38,25,27.5945024065395,0
line_38,26,37.718758113255355,0
line_38,27,29.44750562702004,0
line_38,28,95.33337914195839,0
line_38,29,65.30514772166552,0
line_38,30,50.3343067352245,0
line_38,31,44.70944046535378,0
line_38,32,26.5357512798253,0
line_38,33,26.92415548541503,0
line_38,34,46.89805543728837,0
line_38,35,13.52413064222707,0
line_38,36,16.16838971642122,0
line_38,37,70.81201636033208,0
line_38,39,26.226743801569768,0
line_38,40,8.97820073986471,0
line_39,0,9.313307987417842,0
line_39,1,12.600504431298951,0
line_39,2,27.396498138514723,0
line_39,3,10.508691370802895,0
line_39,4,11.832306049084087,0
line_39,5,34.87468686858166,0
line_39,6,29.266026646705935,0
line_39,7,22.712765396989024,0
line_39,8,7.913956422428559,0
line_39,9,138.66778943796027,1
line_39,10,10.765062207574873,0
line_39,11,12.495161491546607,0
line_39,12,0.0,0
line_39,13,10.76506220910681,0
line_39,14,4.463966011578335,0
line_39,15,59.63144428289515,0
line_39,16,17.271474208574407,0
line_39,17,30.124868418234644,0
line_39,18,29.352976560777645,0
line_39,19,7.564765380462599,0
line_39,20,38.62895045290765,0
line_39,21,58.66920537107272,0
line_39,22,37.94770218286409,0
line_39,23,16.988012281532022,0
line_39,24,23.806665823806565,0
line_39,25,27.586690512220542,0
line_39,26,38.68052960955781,0
line_39,27,30.017406192584662,0
line_39,28,96.21145255638713,0
line_39,29,65.89826572922021,0
line_39,30,51.117318404119004,0
line_39,31,44.274098664337814,0
line_39,32,28.08236824473724,0
line_39,33,26.924065966455984,0
line_39,34,48.19119455087051,0
line_39,35,12.845960704285178,0
line_39,36,39.996468919191024,0
line_39,37,45.72876507047921,0
line_39,38,23.82537245330696,0
line_39,40,28.266506030890326,0
line_40,0,9.270795456710577,0
line_40,1,12.549130350336856,0
line_40,2,27.24776937345654,0
line_40,3,10.459811005758706,0
line_40,4,11.778721444848651,0
line_40,5,34.64203748313096,0
line_40,6,28.965102198473254,0
line_40,7,22.603081442370968,0
line_40,8,7.95593135713388,0
line_40,9,107.71756781979609,1
line_40,10,10.710319282380805,0
line_40,11,12.43162059605856,0
line_40,12,0.0,0
line_40,13,10.710319283477874,0
line_40,14,4.313999834826669,0
line_40,15,59.593841235826496,0
line_40,16,17.293903696482946,0
line_40,17,30.202934274349253,0
line_40,18,29.36679683897452,0
line_40,19,7.520927450530173,0
line_40,20,38.66587257159359,0
line_40,21,58.64774429743371,0
line_40,22,37.93301285909968,0
line_40,23,17.004812044744984,0
line_40,24,23.821122282901523,0
line_40,25,27.590076287397792,0
line_40,26,38.285928908075256,0
line_40,27,29.779943874281983,0
line_40,28,95.83629777619082,0
line_40,29,65.62780397497161,0
line_40,30,50.70973401506761,0
line_40,31,44.49232027593166,0
line_40,32,27.288307081029767,0
line_40,33,26.924110469377034,0
line_40,34,47.525393542068265,0
line_40,35,12.85659791972986,0
line_40,36,39.996468919191244,0
line_40,37,45.72876507047921,0
line_40,38,23.825372453306713,0
line_40,39,30.49905771088193,0
